Territory,Gender,Education_Level,Year,Unmployed percentage,Employed percentage,Work_Type,Value,Age_class,Foreign_Percentage,Italian_Percentage
Italy,total,total,2019,13.883779,61.054255,total,2379704.0,Total,,
Italy,total,total,2019,13.883779,61.054255,full-time,1771368.0,Total,,
Italy,total,total,2019,13.883779,61.054255,part-time,608337.0,Total,,
Italy,total,"no educational degree, primary and lower secondary school certificate",2019,,,,,15-24,70.0,49.2
Italy,total,"no educational degree, primary and lower secondary school certificate",2019,,,,,25-34,53.3,18.8
Italy,total,"no educational degree, primary and lower secondary school certificate",2019,,,,,35-44,53.2,28.2
Italy,total,"no educational degree, primary and lower secondary school certificate",2019,,,,,45-54,51.5,41.8
Italy,total,"no educational degree, primary and lower secondary school certificate",2019,,,,,55-64,51.9,49.9
Italy,total,"no educational degree, primary and lower secondary school certificate",2019,14.395394,57.072996,,,Total,54.8,38.4
Italy,total,"tertiary (university, doctoral and specialization courses)",2019,,,,,15-24,2.0,5.4
Italy,total,"tertiary (university, doctoral and specialization courses)",2019,,,,,25-34,12.5,30.6
Italy,total,"tertiary (university, doctoral and specialization courses)",2019,,,,,35-44,12.0,25.9
Italy,total,"tertiary (university, doctoral and specialization courses)",2019,,,,,45-54,11.4,17.1
Italy,total,"tertiary (university, doctoral and specialization courses)",2019,,,,,55-64,12.6,12.8
Italy,total,"tertiary (university, doctoral and specialization courses)",2019,11.373717,67.326368,,,Total,10.8,18.2
Italy,total,upper and post secondary,2019,,,,,15-24,28.0,45.3
Italy,total,upper and post secondary,2019,,,,,25-34,34.1,50.6
Italy,total,upper and post secondary,2019,,,,,35-44,34.8,45.9
Italy,total,upper and post secondary,2019,,,,,45-54,37.1,41.1
Italy,total,upper and post secondary,2019,,,,,55-64,35.5,37.3
Italy,total,upper and post secondary,2019,13.959375,65.420912,,,Total,34.4,43.4
Italy,females,total,2019,,49.565044,total,1041116.0,Total,,
Italy,females,total,2019,,49.565044,full-time,603775.0,Total,,
Italy,females,total,2019,,49.565044,part-time,437342.0,Total,,
Italy,females,"no educational degree, primary and lower secondary school certificate",2019,,42.776728,,,Total,,
Italy,females,"tertiary (university, doctoral and specialization courses)",2019,,60.402353,,,Total,,
Italy,females,upper and post secondary,2019,,54.651428,,,Total,,
Italy,males,total,2019,,74.095796,total,1338588.0,Total,,
Italy,males,total,2019,,74.095796,full-time,1167593.0,Total,,
Italy,males,total,2019,,74.095796,part-time,170995.0,Total,,
Italy,males,"no educational degree, primary and lower secondary school certificate",2019,,70.23146,,,Total,,
Italy,males,"tertiary (university, doctoral and specialization courses)",2019,,80.99423,,,Total,,
Italy,males,upper and post secondary,2019,,79.898297,,,Total,,
Italy,total,total,2020,13.420688,56.770044,total,2204144.0,Total,,
Italy,total,total,2020,13.420688,56.770044,full-time,1633928.0,Total,,
Italy,total,total,2020,13.420688,56.770044,part-time,570216.0,Total,,
Italy,total,"no educational degree, primary and lower secondary school certificate",2020,,,,,15-24,70.2,49.6
Italy,total,"no educational degree, primary and lower secondary school certificate",2020,,,,,25-34,53.4,18.4
Italy,total,"no educational degree, primary and lower secondary school certificate",2020,,,,,35-44,55.2,27.3
Italy,total,"no educational degree, primary and lower secondary school certificate",2020,,,,,45-54,52.8,41.0
Italy,total,"no educational degree, primary and lower secondary school certificate",2020,,,,,55-64,54.0,49.4
Italy,total,"no educational degree, primary and lower secondary school certificate",2020,13.982641,52.848745,,,Total,56.0,38.1
Italy,total,"tertiary (university, doctoral and specialization courses)",2020,,,,,15-24,2.0,5.7
Italy,total,"tertiary (university, doctoral and specialization courses)",2020,,,,,25-34,12.2,31.4
Italy,total,"tertiary (university, doctoral and specialization courses)",2020,,,,,35-44,11.2,27.0
Italy,total,"tertiary (university, doctoral and specialization courses)",2020,,,,,45-54,10.4,17.4
Italy,total,"tertiary (university, doctoral and specialization courses)",2020,,,,,55-64,11.9,12.9
Italy,total,"tertiary (university, doctoral and specialization courses)",2020,11.009031,61.662278,,,Total,10.2,18.6
Italy,total,upper and post secondary,2020,,,,,15-24,27.8,44.7
Italy,total,upper and post secondary,2020,,,,,25-34,34.3,50.2
Italy,total,upper and post secondary,2020,,,,,35-44,33.6,45.7
Italy,total,upper and post secondary,2020,,,,,45-54,36.8,41.6
Italy,total,upper and post secondary,2020,,,,,55-64,34.1,37.7
Italy,total,upper and post secondary,2020,13.325554,61.785503,,,Total,33.8,43.3
Italy,females,total,2020,,44.041468,total,923288.0,Total,,
Italy,females,total,2020,,44.041468,full-time,528641.0,Total,,
Italy,females,total,2020,,44.041468,part-time,394647.0,Total,,
Italy,females,"no educational degree, primary and lower secondary school certificate",2020,,37.711344,,,Total,,
Italy,females,"tertiary (university, doctoral and specialization courses)",2020,,53.440093,,,Total,,
Italy,females,upper and post secondary,2020,,49.714934,,,Total,,
Italy,males,total,2020,,71.284315,total,1280856.0,Total,,
Italy,males,total,2020,,71.284315,full-time,1105287.0,Total,,
Italy,males,total,2020,,71.284315,part-time,175569.0,Total,,
Italy,males,"no educational degree, primary and lower secondary school certificate",2020,,67.280826,,,Total,,
Italy,males,"tertiary (university, doctoral and specialization courses)",2020,,78.887198,,,Total,,
Italy,males,upper and post secondary,2020,,77.356459,,,Total,,
Italy,total,total,2021,14.520578,57.79288,total,2257093.0,Total,,
Italy,total,total,2021,14.520578,57.79288,full-time,1689697.0,Total,,
Italy,total,total,2021,14.520578,57.79288,part-time,567397.0,Total,,
Italy,total,"no educational degree, primary and lower secondary school certificate",2021,,,,,15-24,67.1,48.4
Italy,total,"no educational degree, primary and lower secondary school certificate",2021,,,,,25-34,51.3,19.0
Italy,total,"no educational degree, primary and lower secondary school certificate",2021,,,,,35-44,53.0,27.3
Italy,total,"no educational degree, primary and lower secondary school certificate",2021,,,,,45-54,51.2,40.6
Italy,total,"no educational degree, primary and lower secondary school certificate",2021,,,,,55-64,52.4,50.1
Italy,total,"no educational degree, primary and lower secondary school certificate",2021,14.56886,53.769602,,,Total,53.9,38.2
Italy,total,"tertiary (university, doctoral and specialization courses)",2021,,,,,15-24,1.6,6.4
Italy,total,"tertiary (university, doctoral and specialization courses)",2021,,,,,25-34,11.6,31.0
Italy,total,"tertiary (university, doctoral and specialization courses)",2021,,,,,35-44,10.9,27.4
Italy,total,"tertiary (university, doctoral and specialization courses)",2021,,,,,45-54,10.2,17.9
Italy,total,"tertiary (university, doctoral and specialization courses)",2021,,,,,55-64,12.2,12.8
Italy,total,"tertiary (university, doctoral and specialization courses)",2021,13.786853,62.487649,,,Total,9.9,18.7
Italy,total,upper and post secondary,2021,,,,,15-24,31.3,45.2
Italy,total,upper and post secondary,2021,,,,,25-34,37.0,50.0
Italy,total,upper and post secondary,2021,,,,,35-44,36.1,45.3
Italy,total,upper and post secondary,2021,,,,,45-54,38.6,41.5
Italy,total,upper and post secondary,2021,,,,,55-64,35.4,37.2
Italy,total,upper and post secondary,2021,14.657083,62.506925,,,Total,36.2,43.1
Italy,females,total,2021,,45.359055,total,949187.0,Total,,
Italy,females,total,2021,,45.359055,full-time,555650.0,Total,,
Italy,females,total,2021,,45.359055,part-time,393537.0,Total,,
Italy,females,"no educational degree, primary and lower secondary school certificate",2021,,37.566629,,,Total,,
Italy,females,"tertiary (university, doctoral and specialization courses)",2021,,54.467509,,,Total,,
Italy,females,upper and post secondary,2021,,52.020247,,,Total,,
Italy,males,total,2021,,71.674077,total,1307906.0,Total,,
Italy,males,total,2021,,71.674077,full-time,1134047.0,Total,,
Italy,males,total,2021,,71.674077,part-time,173860.0,Total,,
Italy,males,"no educational degree, primary and lower secondary school certificate",2021,,68.251903,,,Total,,
Italy,males,"tertiary (university, doctoral and specialization courses)",2021,,79.774492,,,Total,,
Italy,males,upper and post secondary,2021,,76.283072,,,Total,,
Italy,total,total,2022,12.035583,60.560158,total,2374471.0,Total,,
Italy,total,total,2022,12.035583,60.560158,full-time,1795710.0,Total,,
Italy,total,total,2022,12.035583,60.560158,part-time,578761.0,Total,,
Italy,total,"no educational degree, primary and lower secondary school certificate",2022,,,,,15-24,66.2,47.5
Italy,total,"no educational degree, primary and lower secondary school certificate",2022,,,,,25-34,49.4,17.9
Italy,total,"no educational degree, primary and lower secondary school certificate",2022,,,,,35-44,51.7,26.1
Italy,total,"no educational degree, primary and lower secondary school certificate",2022,,,,,45-54,48.7,39.5
Italy,total,"no educational degree, primary and lower secondary school certificate",2022,,,,,55-64,52.0,51.0
Italy,total,"no educational degree, primary and lower secondary school certificate",2022,12.749819,55.785021,,,Total,52.3,37.7
Italy,total,"tertiary (university, doctoral and specialization courses)",2022,,,,,15-24,1.5,6.5
Italy,total,"tertiary (university, doctoral and specialization courses)",2022,,,,,25-34,12.0,32.0
Italy,total,"tertiary (university, doctoral and specialization courses)",2022,,,,,35-44,11.9,27.8
Italy,total,"tertiary (university, doctoral and specialization courses)",2022,,,,,45-54,10.5,18.7
Italy,total,"tertiary (university, doctoral and specialization courses)",2022,,,,,55-64,11.5,12.5
Italy,total,"tertiary (university, doctoral and specialization courses)",2022,10.329555,67.19238,,,Total,10.2,19.0
Italy,total,upper and post secondary,2022,,,,,15-24,32.3,46.0
Italy,total,upper and post secondary,2022,,,,,25-34,38.6,50.1
Italy,total,upper and post secondary,2022,,,,,35-44,36.4,46.1
Italy,total,upper and post secondary,2022,,,,,45-54,40.8,41.8
Italy,total,upper and post secondary,2022,,,,,55-64,36.5,36.5
Italy,total,upper and post secondary,2022,11.645083,65.426238,,,Total,37.4,43.2
Italy,females,total,2022,,47.52122,total,989900.0,Total,,
Italy,females,total,2022,,47.52122,full-time,581852.0,Total,,
Italy,females,total,2022,,47.52122,part-time,408048.0,Total,,
Italy,females,"no educational degree, primary and lower secondary school certificate",2022,,39.081369,,,Total,,
Italy,females,"tertiary (university, doctoral and specialization courses)",2022,,59.242972,,,Total,,
Italy,females,upper and post secondary,2022,,53.582914,,,Total,,
Italy,males,total,2022,,74.867006,total,1384571.0,Total,,
Italy,males,total,2022,,74.867006,full-time,1213858.0,Total,,
Italy,males,total,2022,,74.867006,part-time,170713.0,Total,,
Italy,males,"no educational degree, primary and lower secondary school certificate",2022,,70.430727,,,Total,,
Italy,males,"tertiary (university, doctoral and specialization courses)",2022,,81.782053,,,Total,,
Italy,males,upper and post secondary,2022,,80.971334,,,Total,,
Italy,total,total,2023,11.458605,61.577726,total,2373550.0,Total,,
Italy,total,total,2023,11.458605,61.577726,full-time,1818326.0,Total,,
Italy,total,total,2023,11.458605,61.577726,part-time,555224.0,Total,,
Italy,total,"no educational degree, primary and lower secondary school certificate",2023,,,,,15-24,64.1,47.4
Italy,total,"no educational degree, primary and lower secondary school certificate",2023,,,,,25-34,44.7,16.2
Italy,total,"no educational degree, primary and lower secondary school certificate",2023,,,,,35-44,47.7,23.7
Italy,total,"no educational degree, primary and lower secondary school certificate",2023,,,,,45-54,46.5,36.5
Italy,total,"no educational degree, primary and lower secondary school certificate",2023,,,,,55-64,48.3,48.0
Italy,total,"no educational degree, primary and lower secondary school certificate",2023,12.626315,56.36843,,,Total,48.9,35.6
Italy,total,"tertiary (university, doctoral and specialization courses)",2023,,,,,15-24,1.8,6.4
Italy,total,"tertiary (university, doctoral and specialization courses)",2023,,,,,25-34,12.7,33.4
Italy,total,"tertiary (university, doctoral and specialization courses)",2023,,,,,35-44,14.1,29.8
Italy,total,"tertiary (university, doctoral and specialization courses)",2023,,,,,45-54,10.8,20.2
Italy,total,"tertiary (university, doctoral and specialization courses)",2023,,,,,55-64,11.1,13.4
Italy,total,"tertiary (university, doctoral and specialization courses)",2023,9.091138,69.143743,,,Total,11.1,20.1
Italy,total,upper and post secondary,2023,,,,,15-24,34.1,46.2
Italy,total,upper and post secondary,2023,,,,,25-34,42.6,50.4
Italy,total,upper and post secondary,2023,,,,,35-44,38.2,46.5
Italy,total,upper and post secondary,2023,,,,,45-54,42.7,43.4
Italy,total,upper and post secondary,2023,,,,,55-64,40.6,38.6
Italy,total,upper and post secondary,2023,10.889733,65.836855,,,Total,40.1,44.3
Italy,females,total,2023,,48.702406,total,994242.0,Total,,
Italy,females,total,2023,,48.702406,full-time,591469.0,Total,,
Italy,females,total,2023,,48.702406,part-time,402773.0,Total,,
Italy,females,"no educational degree, primary and lower secondary school certificate",2023,,40.306527,,,Total,,
Italy,females,"tertiary (university, doctoral and specialization courses)",2023,,62.138475,,,Total,,
Italy,females,upper and post secondary,2023,,52.880477,,,Total,,
Italy,males,total,2023,,75.617688,total,1379307.0,Total,,
Italy,males,total,2023,,75.617688,full-time,1226856.0,Total,,
Italy,males,total,2023,,75.617688,part-time,152451.0,Total,,
Italy,males,"no educational degree, primary and lower secondary school certificate",2023,,70.315356,,,Total,,
Italy,males,"tertiary (university, doctoral and specialization courses)",2023,,82.630487,,,Total,,
Italy,males,upper and post secondary,2023,,81.880074,,,Total,,
Centro (I),total,total,2019,14.97132,61.82806,total,612102.0,Total,,
Centro (I),total,total,2019,14.97132,61.82806,full-time,439430.0,Total,,
Centro (I),total,total,2019,14.97132,61.82806,part-time,172672.0,Total,,
Centro (I),total,"no educational degree, primary and lower secondary school certificate",2019,13.696715,59.307917,,,Total,,
Centro (I),total,"tertiary (university, doctoral and specialization courses)",2019,11.494734,67.913194,,,Total,,
Centro (I),total,upper and post secondary,2019,17.663615,63.364391,,,Total,,
Centro (I),females,total,2019,,52.787094,total,283710.0,Total,,
Centro (I),females,total,2019,,52.787094,full-time,154381.0,Total,,
Centro (I),females,total,2019,,52.787094,part-time,129329.00000000001,Total,,
Centro (I),females,"no educational degree, primary and lower secondary school certificate",2019,,48.45177,,,Total,,
Centro (I),females,"tertiary (university, doctoral and specialization courses)",2019,,58.298827,,,Total,,
Centro (I),females,upper and post secondary,2019,,55.785649,,,Total,,
Centro (I),males,total,2019,,72.248148,total,328392.0,Total,,
Centro (I),males,total,2019,,72.248148,full-time,285049.0,Total,,
Centro (I),males,total,2019,,72.248148,part-time,43343.0,Total,,
Centro (I),males,"no educational degree, primary and lower secondary school certificate",2019,,69.241122,,,Total,,
Centro (I),males,"tertiary (university, doctoral and specialization courses)",2019,,84.353902,,,Total,,
Centro (I),males,upper and post secondary,2019,,74.029403,,,Total,,
Centro (I),total,total,2020,12.838139,58.725403,total,565141.0,Total,,
Centro (I),total,total,2020,12.838139,58.725403,full-time,401379.0,Total,,
Centro (I),total,total,2020,12.838139,58.725403,part-time,163762.0,Total,,
Centro (I),total,"no educational degree, primary and lower secondary school certificate",2020,13.214786,56.330203,,,Total,,
Centro (I),total,"tertiary (university, doctoral and specialization courses)",2020,8.623863,63.598318,,,Total,,
Centro (I),total,upper and post secondary,2020,13.614601,60.675408,,,Total,,
Centro (I),females,total,2020,,47.971061,total,249669.0,Total,,
Centro (I),females,total,2020,,47.971061,full-time,137415.0,Total,,
Centro (I),females,total,2020,,47.971061,part-time,112254.0,Total,,
Centro (I),females,"no educational degree, primary and lower secondary school certificate",2020,,43.902562,,,Total,,
Centro (I),females,"tertiary (university, doctoral and specialization courses)",2020,,55.304763,,,Total,,
Centro (I),females,upper and post secondary,2020,,50.32979,,,Total,,
Centro (I),males,total,2020,,71.087331,total,315472.0,Total,,
Centro (I),males,total,2020,,71.087331,full-time,263964.0,Total,,
Centro (I),males,total,2020,,71.087331,part-time,51509.0,Total,,
Centro (I),males,"no educational degree, primary and lower secondary school certificate",2020,,67.894977,,,Total,,
Centro (I),males,"tertiary (university, doctoral and specialization courses)",2020,,79.085714,,,Total,,
Centro (I),males,upper and post secondary,2020,,74.666358,,,Total,,
Centro (I),total,total,2021,15.376324,58.102534,total,563848.0,Total,,
Centro (I),total,total,2021,15.376324,58.102534,full-time,408114.0,Total,,
Centro (I),total,total,2021,15.376324,58.102534,part-time,155734.0,Total,,
Centro (I),total,"no educational degree, primary and lower secondary school certificate",2021,13.452493,55.677817,,,Total,,
Centro (I),total,"tertiary (university, doctoral and specialization courses)",2021,18.294824,58.90627,,,Total,,
Centro (I),total,upper and post secondary,2021,16.743564,60.943739,,,Total,,
Centro (I),females,total,2021,,47.165973,total,248470.0,Total,,
Centro (I),females,total,2021,,47.165973,full-time,140899.0,Total,,
Centro (I),females,total,2021,,47.165973,part-time,107571.0,Total,,
Centro (I),females,"no educational degree, primary and lower secondary school certificate",2021,,41.238523,,,Total,,
Centro (I),females,"tertiary (university, doctoral and specialization courses)",2021,,52.075472,,,Total,,
Centro (I),females,upper and post secondary,2021,,51.800679,,,Total,,
Centro (I),males,total,2021,,70.637681,total,315378.0,Total,,
Centro (I),males,total,2021,,70.637681,full-time,267215.0,Total,,
Centro (I),males,total,2021,,70.637681,part-time,48163.0,Total,,
Centro (I),males,"no educational degree, primary and lower secondary school certificate",2021,,68.658432,,,Total,,
Centro (I),males,"tertiary (university, doctoral and specialization courses)",2021,,72.835247,,,Total,,
Centro (I),males,upper and post secondary,2021,,73.270946,,,Total,,
Centro (I),total,total,2022,13.064772,60.791251,total,595658.0,Total,,
Centro (I),total,total,2022,13.064772,60.791251,full-time,436468.0,Total,,
Centro (I),total,total,2022,13.064772,60.791251,part-time,159190.0,Total,,
Centro (I),total,"no educational degree, primary and lower secondary school certificate",2022,12.763238,57.482971,,,Total,,
Centro (I),total,"tertiary (university, doctoral and specialization courses)",2022,12.592056,66.001446,,,Total,,
Centro (I),total,upper and post secondary,2022,13.506882,63.300353,,,Total,,
Centro (I),females,total,2022,,48.675223,total,255276.0,Total,,
Centro (I),females,total,2022,,48.675223,full-time,146536.0,Total,,
Centro (I),females,total,2022,,48.675223,part-time,108740.0,Total,,
Centro (I),females,"no educational degree, primary and lower secondary school certificate",2022,,41.62184,,,Total,,
Centro (I),females,"tertiary (university, doctoral and specialization courses)",2022,,60.000301,,,Total,,
Centro (I),females,upper and post secondary,2022,,52.084012,,,Total,,
Centro (I),males,total,2022,,74.256064,total,340382.0,Total,,
Centro (I),males,total,2022,,74.256064,full-time,289932.0,Total,,
Centro (I),males,total,2022,,74.256064,part-time,50450.0,Total,,
Centro (I),males,"no educational degree, primary and lower secondary school certificate",2022,,71.307639,,,Total,,
Centro (I),males,"tertiary (university, doctoral and specialization courses)",2022,,77.150598,,,Total,,
Centro (I),males,upper and post secondary,2022,,77.875013,,,Total,,
Centro (I),total,total,2023,11.951739,61.822695,total,586608.0,Total,,
Centro (I),total,total,2023,11.951739,61.822695,full-time,430943.0,Total,,
Centro (I),total,total,2023,11.951739,61.822695,part-time,155665.0,Total,,
Centro (I),total,"no educational degree, primary and lower secondary school certificate",2023,11.821613,57.515423,,,Total,,
Centro (I),total,"tertiary (university, doctoral and specialization courses)",2023,10.427346,68.42437,,,Total,,
Centro (I),total,upper and post secondary,2023,12.493567,64.71736,,,Total,,
Centro (I),females,total,2023,,49.326615,total,249875.0,Total,,
Centro (I),females,total,2023,,49.326615,full-time,141354.0,Total,,
Centro (I),females,total,2023,,49.326615,part-time,108521.0,Total,,
Centro (I),females,"no educational degree, primary and lower secondary school certificate",2023,,42.343192,,,Total,,
Centro (I),females,"tertiary (university, doctoral and specialization courses)",2023,,61.720552,,,Total,,
Centro (I),females,upper and post secondary,2023,,51.568658,,,Total,,
Centro (I),males,total,2023,,75.460405,total,336733.0,Total,,
Centro (I),males,total,2023,,75.460405,full-time,289588.0,Total,,
Centro (I),males,total,2023,,75.460405,part-time,47144.0,Total,,
Centro (I),males,"no educational degree, primary and lower secondary school certificate",2023,,70.126527,,,Total,,
Centro (I),males,"tertiary (university, doctoral and specialization courses)",2023,,81.351903,,,Total,,
Centro (I),males,upper and post secondary,2023,,81.375177,,,Total,,
Mezzogiorno,total,total,2019,17.740505,53.077177,total,361893.0,Total,,
Mezzogiorno,total,total,2019,17.740505,53.077177,full-time,273841.0,Total,,
Mezzogiorno,total,total,2019,17.740505,53.077177,part-time,88052.0,Total,,
Mezzogiorno,total,"no educational degree, primary and lower secondary school certificate",2019,17.198965,53.645948,,,Total,,
Mezzogiorno,total,"tertiary (university, doctoral and specialization courses)",2019,17.071121,55.188226,,,Total,,
Mezzogiorno,total,upper and post secondary,2019,19.296229,51.132385,,,Total,,
Mezzogiorno,females,total,2019,,42.840776,total,150882.0,Total,,
Mezzogiorno,females,total,2019,,42.840776,full-time,95741.0,Total,,
Mezzogiorno,females,total,2019,,42.840776,part-time,55141.0,Total,,
Mezzogiorno,females,"no educational degree, primary and lower secondary school certificate",2019,,41.624988,,,Total,,
Mezzogiorno,females,"tertiary (university, doctoral and specialization courses)",2019,,52.661579,,,Total,,
Mezzogiorno,females,upper and post secondary,2019,,42.191952,,,Total,,
Mezzogiorno,males,total,2019,,63.723609,total,211012.0,Total,,
Mezzogiorno,males,total,2019,,63.723609,full-time,178101.0,Total,,
Mezzogiorno,males,total,2019,,63.723609,part-time,32911.0,Total,,
Mezzogiorno,males,"no educational degree, primary and lower secondary school certificate",2019,,62.901048,,,Total,,
Mezzogiorno,males,"tertiary (university, doctoral and specialization courses)",2019,,61.265996,,,Total,,
Mezzogiorno,males,upper and post secondary,2019,,67.511104,,,Total,,
Mezzogiorno,total,total,2020,19.046949,47.971571,total,329376.0,Total,,
Mezzogiorno,total,total,2020,19.046949,47.971571,full-time,241187.0,Total,,
Mezzogiorno,total,total,2020,19.046949,47.971571,part-time,88189.0,Total,,
Mezzogiorno,total,"no educational degree, primary and lower secondary school certificate",2020,19.227416,48.816091,,,Total,,
Mezzogiorno,total,"tertiary (university, doctoral and specialization courses)",2020,18.04992,45.481428,,,Total,,
Mezzogiorno,total,upper and post secondary,2020,18.798706,46.423206,,,Total,,
Mezzogiorno,females,total,2020,,36.20027,total,131464.0,Total,,
Mezzogiorno,females,total,2020,,36.20027,full-time,76433.0,Total,,
Mezzogiorno,females,total,2020,,36.20027,part-time,55031.0,Total,,
Mezzogiorno,females,"no educational degree, primary and lower secondary school certificate",2020,,34.412427,,,Total,,
Mezzogiorno,females,"tertiary (university, doctoral and specialization courses)",2020,,42.398364,,,Total,,
Mezzogiorno,females,upper and post secondary,2020,,37.665067,,,Total,,
Mezzogiorno,males,total,2020,,60.803382,total,197912.0,Total,,
Mezzogiorno,males,total,2020,,60.803382,full-time,164754.0,Total,,
Mezzogiorno,males,total,2020,,60.803382,part-time,33158.0,Total,,
Mezzogiorno,males,"no educational degree, primary and lower secondary school certificate",2020,,60.898981,,,Total,,
Mezzogiorno,males,"tertiary (university, doctoral and specialization courses)",2020,,55.057439,,,Total,,
Mezzogiorno,males,upper and post secondary,2020,,61.391205,,,Total,,
Mezzogiorno,total,total,2021,20.96565,48.266367,total,330563.0,Total,,
Mezzogiorno,total,total,2021,20.96565,48.266367,full-time,238752.0,Total,,
Mezzogiorno,total,total,2021,20.96565,48.266367,part-time,91811.0,Total,,
Mezzogiorno,total,"no educational degree, primary and lower secondary school certificate",2021,21.109885,48.87508,,,Total,,
Mezzogiorno,total,"tertiary (university, doctoral and specialization courses)",2021,19.959062,47.590071,,,Total,,
Mezzogiorno,total,upper and post secondary,2021,20.842885,46.974073,,,Total,,
Mezzogiorno,females,total,2021,,36.835733,total,130112.0,Total,,
Mezzogiorno,females,total,2021,,36.835733,full-time,73148.0,Total,,
Mezzogiorno,females,total,2021,,36.835733,part-time,56964.0,Total,,
Mezzogiorno,females,"no educational degree, primary and lower secondary school certificate",2021,,34.902128,,,Total,,
Mezzogiorno,females,"tertiary (university, doctoral and specialization courses)",2021,,40.10339,,,Total,,
Mezzogiorno,females,upper and post secondary,2021,,39.13375,,,Total,,
Mezzogiorno,males,total,2021,,60.050472,total,200452.0,Total,,
Mezzogiorno,males,total,2021,,60.050472,full-time,165604.0,Total,,
Mezzogiorno,males,total,2021,,60.050472,part-time,34847.0,Total,,
Mezzogiorno,males,"no educational degree, primary and lower secondary school certificate",2021,,59.62773,,,Total,,
Mezzogiorno,males,"tertiary (university, doctoral and specialization courses)",2021,,67.232485,,,Total,,
Mezzogiorno,males,upper and post secondary,2021,,60.331893,,,Total,,
Mezzogiorno,total,total,2022,19.019055,50.306318,total,326994.0,Total,,
Mezzogiorno,total,total,2022,19.019055,50.306318,full-time,229202.0,Total,,
Mezzogiorno,total,total,2022,19.019055,50.306318,part-time,97791.0,Total,,
Mezzogiorno,total,"no educational degree, primary and lower secondary school certificate",2022,19.007997,50.602483,,,Total,,
Mezzogiorno,total,"tertiary (university, doctoral and specialization courses)",2022,17.704855,49.951079,,,Total,,
Mezzogiorno,total,upper and post secondary,2022,19.345744,49.728667,,,Total,,
Mezzogiorno,females,total,2022,,36.670546,total,122674.0,Total,,
Mezzogiorno,females,total,2022,,36.670546,full-time,67024.0,Total,,
Mezzogiorno,females,total,2022,,36.670546,part-time,55650.0,Total,,
Mezzogiorno,females,"no educational degree, primary and lower secondary school certificate",2022,,33.458589,,,Total,,
Mezzogiorno,females,"tertiary (university, doctoral and specialization courses)",2022,,42.439239,,,Total,,
Mezzogiorno,females,upper and post secondary,2022,,39.997631,,,Total,,
Mezzogiorno,males,total,2022,,64.299645,total,204320.0,Total,,
Mezzogiorno,males,total,2022,,64.299645,full-time,162178.0,Total,,
Mezzogiorno,males,total,2022,,64.299645,part-time,42142.0,Total,,
Mezzogiorno,males,"no educational degree, primary and lower secondary school certificate",2022,,63.368973,,,Total,,
Mezzogiorno,males,"tertiary (university, doctoral and specialization courses)",2022,,66.470501,,,Total,,
Mezzogiorno,males,upper and post secondary,2022,,67.183659,,,Total,,
Mezzogiorno,total,total,2023,19.61914,50.373385,total,322549.0,Total,,
Mezzogiorno,total,total,2023,19.61914,50.373385,full-time,236381.0,Total,,
Mezzogiorno,total,total,2023,19.61914,50.373385,part-time,86167.0,Total,,
Mezzogiorno,total,"no educational degree, primary and lower secondary school certificate",2023,20.724669,50.183881,,,Total,,
Mezzogiorno,total,"tertiary (university, doctoral and specialization courses)",2023,15.875807,48.184099,,,Total,,
Mezzogiorno,total,upper and post secondary,2023,18.449457,51.341783,,,Total,,
Mezzogiorno,females,total,2023,,36.764603,total,120365.0,Total,,
Mezzogiorno,females,total,2023,,36.764603,full-time,70509.0,Total,,
Mezzogiorno,females,total,2023,,36.764603,part-time,49856.0,Total,,
Mezzogiorno,females,"no educational degree, primary and lower secondary school certificate",2023,,32.576904,,,Total,,
Mezzogiorno,females,"tertiary (university, doctoral and specialization courses)",2023,,42.893394,,,Total,,
Mezzogiorno,females,upper and post secondary,2023,,40.549964,,,Total,,
Mezzogiorno,males,total,2023,,64.176614,total,202183.0,Total,,
Mezzogiorno,males,total,2023,,64.176614,full-time,165873.0,Total,,
Mezzogiorno,males,total,2023,,64.176614,part-time,36311.0,Total,,
Mezzogiorno,males,"no educational degree, primary and lower secondary school certificate",2023,,63.428432,,,Total,,
Mezzogiorno,males,"tertiary (university, doctoral and specialization courses)",2023,,60.122846,,,Total,,
Mezzogiorno,males,upper and post secondary,2023,,67.01638,,,Total,,
Nord,total,total,2019,12.344602,63.143049,total,1405709.0,Total,,
Nord,total,total,2019,12.344602,63.143049,full-time,1058097.0,Total,,
Nord,total,total,2019,12.344602,63.143049,part-time,347613.0,Total,,
Nord,total,"no educational degree, primary and lower secondary school certificate",2019,13.655733,57.430533,,,Total,,
Nord,total,"tertiary (university, doctoral and specialization courses)",2019,10.459079,69.189227,,,Total,,
Nord,total,upper and post secondary,2019,11.304031,69.638903,,,Total,,
Nord,females,total,2019,,50.08856,total,606524.0,Total,,
Nord,females,total,2019,,50.08856,full-time,353653.0,Total,,
Nord,females,total,2019,,50.08856,part-time,252872.0,Total,,
Nord,females,"no educational degree, primary and lower secondary school certificate",2019,,40.820703,,,Total,,
Nord,females,"tertiary (university, doctoral and specialization courses)",2019,,62.724563,,,Total,,
Nord,females,upper and post secondary,2019,,57.446368,,,Total,,
Nord,males,total,2019,,78.260458,total,799185.0,Total,,
Nord,males,total,2019,,78.260458,full-time,704444.0,Total,,
Nord,males,total,2019,,78.260458,part-time,94741.0,Total,,
Nord,males,"no educational degree, primary and lower secondary school certificate",2019,,73.837962,,,Total,,
Nord,males,"tertiary (university, doctoral and specialization courses)",2019,,82.379453,,,Total,,
Nord,males,upper and post secondary,2019,,84.63048,,,Total,,
Nord,total,total,2020,12.144566,58.620553,total,1309627.0,Total,,
Nord,total,total,2020,12.144566,58.620553,full-time,991363.0,Total,,
Nord,total,total,2020,12.144566,58.620553,part-time,318264.0,Total,,
Nord,total,"no educational degree, primary and lower secondary school certificate",2020,12.327947,52.931328,,,Total,,
Nord,total,"tertiary (university, doctoral and specialization courses)",2020,11.027374,63.783824,,,Total,,
Nord,total,upper and post secondary,2020,12.249101,65.799163,,,Total,,
Nord,females,total,2020,,44.687909,total,542155.0,Total,,
Nord,females,total,2020,,44.687909,full-time,314793.0,Total,,
Nord,females,total,2020,,44.687909,part-time,227362.0,Total,,
Nord,females,"no educational degree, primary and lower secondary school certificate",2020,,36.37353,,,Total,,
Nord,females,"tertiary (university, doctoral and specialization courses)",2020,,54.925345,,,Total,,
Nord,females,upper and post secondary,2020,,52.627513,,,Total,,
Nord,males,total,2020,,74.672987,total,767472.0,Total,,
Nord,males,total,2020,,74.672987,full-time,676570.0,Total,,
Nord,males,total,2020,,74.672987,part-time,90903.0,Total,,
Nord,males,"no educational degree, primary and lower secondary school certificate",2020,,69.671764,,,Total,,
Nord,males,"tertiary (university, doctoral and specialization courses)",2020,,82.062154,,,Total,,
Nord,males,upper and post secondary,2020,,81.428551,,,Total,,
Nord,total,total,2021,12.423418,60.5584,total,1362682.0,Total,,
Nord,total,total,2021,12.423418,60.5584,full-time,1042830.9999999999,Total,,
Nord,total,total,2021,12.423418,60.5584,part-time,319852.0,Total,,
Nord,total,"no educational degree, primary and lower secondary school certificate",2021,12.553068,54.868242,,,Total,,
Nord,total,"tertiary (university, doctoral and specialization courses)",2021,11.040393,66.775582,,,Total,,
Nord,total,upper and post secondary,2021,12.662349,66.719159,,,Total,,
Nord,females,total,2021,,47.057737,total,570606.0,Total,,
Nord,females,total,2021,,47.057737,full-time,341604.0,Total,,
Nord,females,total,2021,,47.057737,part-time,229002.0,Total,,
Nord,females,"no educational degree, primary and lower secondary school certificate",2021,,37.01019,,,Total,,
Nord,females,"tertiary (university, doctoral and specialization courses)",2021,,58.307116,,,Total,,
Nord,females,upper and post secondary,2021,,55.445518,,,Total,,
Nord,males,total,2021,,75.827287,total,792077.0,Total,,
Nord,males,total,2021,,75.827287,full-time,701227.0,Total,,
Nord,males,total,2021,,75.827287,part-time,90849.0,Total,,
Nord,males,"no educational degree, primary and lower secondary school certificate",2021,,71.729962,,,Total,,
Nord,males,"tertiary (university, doctoral and specialization courses)",2021,,84.823229,,,Total,,
Nord,males,upper and post secondary,2021,,80.545109,,,Total,,
Nord,total,total,2022,9.84786,63.369649,total,1451819.0,Total,,
Nord,total,total,2022,9.84786,63.369649,full-time,1130040.0,Total,,
Nord,total,total,2022,9.84786,63.369649,part-time,321779.0,Total,,
Nord,total,"no educational degree, primary and lower secondary school certificate",2022,10.533413,56.963654,,,Total,,
Nord,total,"tertiary (university, doctoral and specialization courses)",2022,8.416502,70.660106,,,Total,,
Nord,total,upper and post secondary,2022,9.510159,69.77062,,,Total,,
Nord,females,total,2022,,49.988432,total,611950.0,Total,,
Nord,females,total,2022,,49.988432,full-time,368292.0,Total,,
Nord,females,total,2022,,49.988432,part-time,243658.0,Total,,
Nord,females,"no educational degree, primary and lower secondary school certificate",2022,,39.880037,,,Total,,
Nord,females,"tertiary (university, doctoral and specialization courses)",2022,,62.045702,,,Total,,
Nord,females,upper and post secondary,2022,,57.671333,,,Total,,
Nord,males,total,2022,,78.252491,total,839869.0,Total,,
Nord,males,total,2022,,78.252491,full-time,761748.0,Total,,
Nord,males,total,2022,,78.252491,part-time,78121.0,Total,,
Nord,males,"no educational degree, primary and lower secondary school certificate",2022,,72.879012,,,Total,,
Nord,males,"tertiary (university, doctoral and specialization courses)",2022,,85.925703,,,Total,,
Nord,males,upper and post secondary,2022,,84.725146,,,Total,,
Nord,total,total,2023,9.226899,64.640705,total,1464393.0,Total,,
Nord,total,total,2023,9.226899,64.640705,full-time,1151001.0,Total,,
Nord,total,total,2023,9.226899,64.640705,part-time,313392.0,Total,,
Nord,total,"no educational degree, primary and lower secondary school certificate",2023,10.103539,58.125944,,,Total,,
Nord,total,"tertiary (university, doctoral and specialization courses)",2023,7.543261,73.871283,,,Total,,
Nord,total,upper and post secondary,2023,8.880556,69.427159,,,Total,,
Nord,females,total,2023,,51.668559,total,624002.0,Total,,
Nord,females,total,2023,,51.668559,full-time,379606.0,Total,,
Nord,females,total,2023,,51.668559,part-time,244396.0,Total,,
Nord,females,"no educational degree, primary and lower secondary school certificate",2023,,42.000543,,,Total,,
Nord,females,"tertiary (university, doctoral and specialization courses)",2023,,66.647802,,,Total,,
Nord,females,upper and post secondary,2023,,56.349316,,,Total,,
Nord,males,total,2023,,79.073987,total,840391.0,Total,,
Nord,males,total,2023,,79.073987,full-time,771396.0,Total,,
Nord,males,total,2023,,79.073987,part-time,68996.0,Total,,
Nord,males,"no educational degree, primary and lower secondary school certificate",2023,,73.129015,,,Total,,
Nord,males,"tertiary (university, doctoral and specialization courses)",2023,,87.325116,,,Total,,
Nord,males,upper and post secondary,2023,,84.929515,,,Total,,
Nord-est,total,total,2019,12.573877,63.804067,total,597279.0,Total,,
Nord-est,total,total,2019,12.573877,63.804067,full-time,462793.0,Total,,
Nord-est,total,total,2019,12.573877,63.804067,part-time,134485.0,Total,,
Nord-est,total,"no educational degree, primary and lower secondary school certificate",2019,14.547491,56.477661,,,Total,,
Nord-est,total,"tertiary (university, doctoral and specialization courses)",2019,10.178609,69.57557,,,Total,,
Nord-est,total,upper and post secondary,2019,11.295244,70.966829,,,Total,,
Nord-est,females,total,2019,,51.706662,total,267308.0,Total,,
Nord-est,females,total,2019,,51.706662,full-time,163423.0,Total,,
Nord-est,females,total,2019,,51.706662,part-time,103885.0,Total,,
Nord-est,females,"no educational degree, primary and lower secondary school certificate",2019,,40.162541,,,Total,,
Nord-est,females,"tertiary (university, doctoral and specialization courses)",2019,,65.890998,,,Total,,
Nord-est,females,upper and post secondary,2019,,58.71758,,,Total,,
Nord-est,males,total,2019,,78.211872,total,329970.0,Total,,
Nord-est,males,total,2019,,78.211872,full-time,299370.0,Total,,
Nord-est,males,total,2019,,78.211872,part-time,30600.0,Total,,
Nord-est,males,"no educational degree, primary and lower secondary school certificate",2019,,72.397829,,,Total,,
Nord-est,males,"tertiary (university, doctoral and specialization courses)",2019,,78.461302,,,Total,,
Nord-est,males,upper and post secondary,2019,,86.203323,,,Total,,
Nord-est,total,total,2020,12.010752,61.293343,total,573404.0,Total,,
Nord-est,total,total,2020,12.010752,61.293343,full-time,444745.0,Total,,
Nord-est,total,total,2020,12.010752,61.293343,part-time,128658.99999999999,Total,,
Nord-est,total,"no educational degree, primary and lower secondary school certificate",2020,12.19713,53.865757,,,Total,,
Nord-est,total,"tertiary (university, doctoral and specialization courses)",2020,12.102164,66.562761,,,Total,,
Nord-est,total,upper and post secondary,2020,11.808016,68.726773,,,Total,,
Nord-est,females,total,2020,,46.969841,total,241416.0,Total,,
Nord-est,females,total,2020,,46.969841,full-time,145581.0,Total,,
Nord-est,females,total,2020,,46.969841,part-time,95836.0,Total,,
Nord-est,females,"no educational degree, primary and lower secondary school certificate",2020,,34.988009,,,Total,,
Nord-est,females,"tertiary (university, doctoral and specialization courses)",2020,,58.235586,,,Total,,
Nord-est,females,upper and post secondary,2020,,55.712855,,,Total,,
Nord-est,males,total,2020,,78.075914,total,331988.0,Total,,
Nord-est,males,total,2020,,78.075914,full-time,299165.0,Total,,
Nord-est,males,total,2020,,78.075914,part-time,32824.0,Total,,
Nord-est,males,"no educational degree, primary and lower secondary school certificate",2020,,72.067866,,,Total,,
Nord-est,males,"tertiary (university, doctoral and specialization courses)",2020,,84.420301,,,Total,,
Nord-est,males,upper and post secondary,2020,,85.084488,,,Total,,
Nord-est,total,total,2021,10.631832,62.729633,total,596574.0,Total,,
Nord-est,total,total,2021,10.631832,62.729633,full-time,474129.0,Total,,
Nord-est,total,total,2021,10.631832,62.729633,part-time,122445.0,Total,,
Nord-est,total,"no educational degree, primary and lower secondary school certificate",2021,11.242751,55.005167,,,Total,,
Nord-est,total,"tertiary (university, doctoral and specialization courses)",2021,9.32823,70.329744,,,Total,,
Nord-est,total,upper and post secondary,2021,10.409782,69.891376,,,Total,,
Nord-est,females,total,2021,,49.361939,total,253496.0,Total,,
Nord-est,females,total,2021,,49.361939,full-time,164567.0,Total,,
Nord-est,females,total,2021,,49.361939,part-time,88929.0,Total,,
Nord-est,females,"no educational degree, primary and lower secondary school certificate",2021,,34.996971,,,Total,,
Nord-est,females,"tertiary (university, doctoral and specialization courses)",2021,,62.852982,,,Total,,
Nord-est,females,upper and post secondary,2021,,59.282553,,,Total,,
Nord-est,males,total,2021,,77.907743,total,343078.0,Total,,
Nord-est,males,total,2021,,77.907743,full-time,309561.0,Total,,
Nord-est,males,total,2021,,77.907743,part-time,33517.0,Total,,
Nord-est,males,"no educational degree, primary and lower secondary school certificate",2021,,72.832418,,,Total,,
Nord-est,males,"tertiary (university, doctoral and specialization courses)",2021,,85.424051,,,Total,,
Nord-est,males,upper and post secondary,2021,,83.742264,,,Total,,
Nord-est,total,total,2022,8.914178,64.651643,total,639277.0,Total,,
Nord-est,total,total,2022,8.914178,64.651643,full-time,515717.99999999994,Total,,
Nord-est,total,total,2022,8.914178,64.651643,part-time,123559.0,Total,,
Nord-est,total,"no educational degree, primary and lower secondary school certificate",2022,10.135885,56.483188,,,Total,,
Nord-est,total,"tertiary (university, doctoral and specialization courses)",2022,6.218158,73.874409,,,Total,,
Nord-est,total,upper and post secondary,2022,8.550323,71.225182,,,Total,,
Nord-est,females,total,2022,,52.028867,total,275757.0,Total,,
Nord-est,females,total,2022,,52.028867,full-time,177067.0,Total,,
Nord-est,females,total,2022,,52.028867,part-time,98690.0,Total,,
Nord-est,females,"no educational degree, primary and lower secondary school certificate",2022,,38.527846,,,Total,,
Nord-est,females,"tertiary (university, doctoral and specialization courses)",2022,,65.965116,,,Total,,
Nord-est,females,upper and post secondary,2022,,60.097886,,,Total,,
Nord-est,males,total,2022,,78.820372,total,363520.0,Total,,
Nord-est,males,total,2022,,78.820372,full-time,338652.0,Total,,
Nord-est,males,total,2022,,78.820372,part-time,24868.0,Total,,
Nord-est,males,"no educational degree, primary and lower secondary school certificate",2022,,72.194469,,,Total,,
Nord-est,males,"tertiary (university, doctoral and specialization courses)",2022,,88.189806,,,Total,,
Nord-est,males,upper and post secondary,2022,,85.789018,,,Total,,
Nord-est,total,total,2023,9.152565,65.054174,total,621779.0,Total,,
Nord-est,total,total,2023,9.152565,65.054174,full-time,502156.0,Total,,
Nord-est,total,total,2023,9.152565,65.054174,part-time,119623.0,Total,,
Nord-est,total,"no educational degree, primary and lower secondary school certificate",2023,10.689161,56.530279,,,Total,,
Nord-est,total,"tertiary (university, doctoral and specialization courses)",2023,7.338459,75.219496,,,Total,,
Nord-est,total,upper and post secondary,2023,8.453904,70.483544,,,Total,,
Nord-est,females,total,2023,,51.992493,total,268763.0,Total,,
Nord-est,females,total,2023,,51.992493,full-time,168779.0,Total,,
Nord-est,females,total,2023,,51.992493,part-time,99984.0,Total,,
Nord-est,females,"no educational degree, primary and lower secondary school certificate",2023,,40.532231,,,Total,,
Nord-est,females,"tertiary (university, doctoral and specialization courses)",2023,,65.933322,,,Total,,
Nord-est,females,upper and post secondary,2023,,56.957011,,,Total,,
Nord-est,males,total,2023,,80.122265,total,353016.0,Total,,
Nord-est,males,total,2023,,80.122265,full-time,333376.0,Total,,
Nord-est,males,total,2023,,80.122265,part-time,19640.0,Total,,
Nord-est,males,"no educational degree, primary and lower secondary school certificate",2023,,71.272423,,,Total,,
Nord-est,males,"tertiary (university, doctoral and specialization courses)",2023,,94.984601,,,Total,,
Nord-est,males,upper and post secondary,2023,,87.089557,,,Total,,
Nord-ovest,total,total,2019,12.175551,62.666519,total,808431.0,Total,,
Nord-ovest,total,total,2019,12.175551,62.666519,full-time,595303.0,Total,,
Nord-ovest,total,total,2019,12.175551,62.666519,part-time,213127.0,Total,,
Nord-ovest,total,"no educational degree, primary and lower secondary school certificate",2019,13.10746,58.022541,,,Total,,
Nord-ovest,total,"tertiary (university, doctoral and specialization courses)",2019,10.675724,68.89313,,,Total,,
Nord-ovest,total,upper and post secondary,2019,11.312,68.476632,,,Total,,
Nord-ovest,females,total,2019,,48.895753,total,339216.0,Total,,
Nord-ovest,females,total,2019,,48.895753,full-time,190230.0,Total,,
Nord-ovest,females,total,2019,,48.895753,part-time,148987.0,Total,,
Nord-ovest,females,"no educational degree, primary and lower secondary school certificate",2019,,41.225447,,,Total,,
Nord-ovest,females,"tertiary (university, doctoral and specialization courses)",2019,,60.047235,,,Total,,
Nord-ovest,females,upper and post secondary,2019,,56.322942,,,Total,,
Nord-ovest,males,total,2019,,78.294457,total,469214.0,Total,,
Nord-ovest,males,total,2019,,78.294457,full-time,405074.0,Total,,
Nord-ovest,males,total,2019,,78.294457,part-time,64141.00000000001,Total,,
Nord-ovest,males,"no educational degree, primary and lower secondary school certificate",2019,,74.741342,,,Total,,
Nord-ovest,males,"tertiary (university, doctoral and specialization courses)",2019,,84.857805,,,Total,,
Nord-ovest,males,upper and post secondary,2019,,83.27056,,,Total,,
Nord-ovest,total,total,2020,12.248324,56.698545,total,736223.0,Total,,
Nord-ovest,total,total,2020,12.248324,56.698545,full-time,546618.0,Total,,
Nord-ovest,total,total,2020,12.248324,56.698545,part-time,189605.0,Total,,
Nord-ovest,total,"no educational degree, primary and lower secondary school certificate",2020,12.407849,52.37349,,,Total,,
Nord-ovest,total,"tertiary (university, doctoral and specialization courses)",2020,10.072481,61.552265,,,Total,,
Nord-ovest,total,upper and post secondary,2020,12.685933,63.112083,,,Total,,
Nord-ovest,females,total,2020,,43.024819,total,300739.0,Total,,
Nord-ovest,females,total,2020,,43.024819,full-time,169213.0,Total,,
Nord-ovest,females,total,2020,,43.024819,part-time,131526.0,Total,,
Nord-ovest,females,"no educational degree, primary and lower secondary school certificate",2020,,37.16996,,,Total,,
Nord-ovest,females,"tertiary (university, doctoral and specialization courses)",2020,,52.206606,,,Total,,
Nord-ovest,females,upper and post secondary,2020,,49.649687,,,Total,,
Nord-ovest,males,total,2020,,72.263535,total,435484.0,Total,,
Nord-ovest,males,total,2020,,72.263535,full-time,377405.0,Total,,
Nord-ovest,males,total,2020,,72.263535,part-time,58079.0,Total,,
Nord-ovest,males,"no educational degree, primary and lower secondary school certificate",2020,,68.186113,,,Total,,
Nord-ovest,males,"tertiary (university, doctoral and specialization courses)",2020,,80.254791,,,Total,,
Nord-ovest,males,upper and post secondary,2020,,78.268162,,,Total,,
Nord-ovest,total,total,2021,13.773887,58.963883,total,766108.0,Total,,
Nord-ovest,total,total,2021,13.773887,58.963883,full-time,568702.0,Total,,
Nord-ovest,total,total,2021,13.773887,58.963883,part-time,197406.0,Total,,
Nord-ovest,total,"no educational degree, primary and lower secondary school certificate",2021,13.38839,54.779157,,,Total,,
Nord-ovest,total,"tertiary (university, doctoral and specialization courses)",2021,12.508973,63.904354,,,Total,,
Nord-ovest,total,upper and post secondary,2021,14.637951,64.043543,,,Total,,
Nord-ovest,females,total,2021,,45.360342,total,317110.0,Total,,
Nord-ovest,females,total,2021,,45.360342,full-time,177036.0,Total,,
Nord-ovest,females,total,2021,,45.360342,part-time,140073.0,Total,,
Nord-ovest,females,"no educational degree, primary and lower secondary school certificate",2021,,38.256788,,,Total,,
Nord-ovest,females,"tertiary (university, doctoral and specialization courses)",2021,,54.749989,,,Total,,
Nord-ovest,females,upper and post secondary,2021,,52.038413,,,Total,,
Nord-ovest,males,total,2021,,74.30488,total,448999.0,Total,,
Nord-ovest,males,total,2021,,74.30488,full-time,391666.0,Total,,
Nord-ovest,males,total,2021,,74.30488,part-time,57333.0,Total,,
Nord-ovest,males,"no educational degree, primary and lower secondary school certificate",2021,,70.978963,,,Total,,
Nord-ovest,males,"tertiary (university, doctoral and specialization courses)",2021,,84.304207,,,Total,,
Nord-ovest,males,upper and post secondary,2021,,78.01394,,,Total,,
Nord-ovest,total,total,2022,10.574022,62.389631,total,812542.0,Total,,
Nord-ovest,total,total,2022,10.574022,62.389631,full-time,614322.0,Total,,
Nord-ovest,total,total,2022,10.574022,62.389631,part-time,198221.0,Total,,
Nord-ovest,total,"no educational degree, primary and lower secondary school certificate",2022,10.790575,57.281175,,,Total,,
Nord-ovest,total,"tertiary (university, doctoral and specialization courses)",2022,10.209164,68.133842,,,Total,,
Nord-ovest,total,upper and post secondary,2022,10.40717,68.437619,,,Total,,
Nord-ovest,females,total,2022,,48.416785,total,336193.0,Total,,
Nord-ovest,females,total,2022,,48.416785,full-time,191226.0,Total,,
Nord-ovest,females,total,2022,,48.416785,part-time,144967.0,Total,,
Nord-ovest,females,"no educational degree, primary and lower secondary school certificate",2022,,40.726683,,,Total,,
Nord-ovest,females,"tertiary (university, doctoral and specialization courses)",2022,,58.922837,,,Total,,
Nord-ovest,females,upper and post secondary,2022,,55.335766,,,Total,,
Nord-ovest,males,total,2022,,77.821931,total,476349.0,Total,,
Nord-ovest,males,total,2022,,77.821931,full-time,423096.0,Total,,
Nord-ovest,males,total,2022,,77.821931,part-time,53253.0,Total,,
Nord-ovest,males,"no educational degree, primary and lower secondary school certificate",2022,,73.354537,,,Total,,
Nord-ovest,males,"tertiary (university, doctoral and specialization courses)",2022,,84.186981,,,Total,,
Nord-ovest,males,upper and post secondary,2022,,83.80734,,,Total,,
Nord-ovest,total,total,2023,9.281992,64.337201,total,842614.0,Total,,
Nord-ovest,total,total,2023,9.281992,64.337201,full-time,648846.0,Total,,
Nord-ovest,total,total,2023,9.281992,64.337201,part-time,193768.0,Total,,
Nord-ovest,total,"no educational degree, primary and lower secondary school certificate",2023,9.745973,59.133757,,,Total,,
Nord-ovest,total,"tertiary (university, doctoral and specialization courses)",2023,7.700777,72.85788,,,Total,,
Nord-ovest,total,upper and post secondary,2023,9.255509,68.517157,,,Total,,
Nord-ovest,females,total,2023,,51.42379,total,355239.0,Total,,
Nord-ovest,females,total,2023,,51.42379,full-time,210827.0,Total,,
Nord-ovest,females,total,2023,,51.42379,part-time,144412.0,Total,,
Nord-ovest,females,"no educational degree, primary and lower secondary school certificate",2023,,42.920383,,,Total,,
Nord-ovest,females,"tertiary (university, doctoral and specialization courses)",2023,,67.228562,,,Total,,
Nord-ovest,females,upper and post secondary,2023,,55.809531,,,Total,,
Nord-ovest,males,total,2023,,78.329411,total,487375.0,Total,,
Nord-ovest,males,total,2023,,78.329411,full-time,438019.0,Total,,
Nord-ovest,males,total,2023,,78.329411,part-time,49356.0,Total,,
Nord-ovest,males,"no educational degree, primary and lower secondary school certificate",2023,,74.310853,,,Total,,
Nord-ovest,males,"tertiary (university, doctoral and specialization courses)",2023,,82.374863,,,Total,,
Nord-ovest,males,upper and post secondary,2023,,83.133882,,,Total,,
