DATAFLOW,FREQ,REF_AREA,DATA_TYPE,SEX,MOSTREL_CCITENSHIP,ACQUISITION_PROCESS,AGE,TIME_PERIOD,OBS_VALUE,OBS_STATUS,NOTE_DS,NOTE_REF_AREA,NOTE_DATA_TYPE,NOTE_SEX,NOTE_MOSTREL_CCITENSHIP,NOTE_ACQUISITION_PROCESS,NOTE_AGE,BASE_PER,UNIT_MEAS,UNIT_MULT
IT1:29_849_DF_DCIS_ACQCITIZ_1(1.0),A,IT,ACQCITIZ,1,WORLD,ALL,TOTAL,2014,66125,,,,,,,,,,,
IT1:29_849_DF_DCIS_ACQCITIZ_1(1.0),A,IT,ACQCITIZ,1,WORLD,ALL,TOTAL,2015,89223,,,,,,,,,,,
IT1:29_849_DF_DCIS_ACQCITIZ_1(1.0),A,IT,ACQCITIZ,1,WORLD,ALL,TOTAL,2016,103263,,,,,,,,,,,
IT1:29_849_DF_DCIS_ACQCITIZ_1(1.0),A,IT,ACQCITIZ,1,WORLD,ALL,TOTAL,2017,71984,,,,,,,,,,,
IT1:29_849_DF_DCIS_ACQCITIZ_1(1.0),A,IT,ACQCITIZ,1,WORLD,ALL,TOTAL,2018,51202,,,,,,,,,,,
IT1:29_849_DF_DCIS_ACQCITIZ_1(1.0),A,IT,ACQCITIZ,1,WORLD,ALL,TOTAL,2019,60111,,,,,,,,,,,
IT1:29_849_DF_DCIS_ACQCITIZ_1(1.0),A,IT,ACQCITIZ,1,WORLD,ALL,TOTAL,2020,66600,,,,,,,,,,,
IT1:29_849_DF_DCIS_ACQCITIZ_1(1.0),A,IT,ACQCITIZ,1,WORLD,ALL,TOTAL,2021,59913,,,,,,,,,,,
IT1:29_849_DF_DCIS_ACQCITIZ_1(1.0),A,IT,ACQCITIZ,1,WORLD,ALL,TOTAL,2022,107267,,,,,,,,,,,
IT1:29_849_DF_DCIS_ACQCITIZ_1(1.0),A,IT,ACQCITIZ,1,WORLD,ALL,TOTAL,2023,106449,,,,,,,,,,,
IT1:29_849_DF_DCIS_ACQCITIZ_1(1.0),A,IT,ACQCITIZ,1,WORLD,ALL,Y_GE60,2014,1898,,,,,,,,,,,
IT1:29_849_DF_DCIS_ACQCITIZ_1(1.0),A,IT,ACQCITIZ,1,WORLD,ALL,Y_GE60,2015,2630,,,,,,,,,,,
IT1:29_849_DF_DCIS_ACQCITIZ_1(1.0),A,IT,ACQCITIZ,1,WORLD,ALL,Y_GE60,2016,2249,,,,,,,,,,,
IT1:29_849_DF_DCIS_ACQCITIZ_1(1.0),A,IT,ACQCITIZ,1,WORLD,ALL,Y_GE60,2017,1826,,,,,,,,,,,
IT1:29_849_DF_DCIS_ACQCITIZ_1(1.0),A,IT,ACQCITIZ,1,WORLD,ALL,Y_GE60,2018,1560,,,,,,,,,,,
IT1:29_849_DF_DCIS_ACQCITIZ_1(1.0),A,IT,ACQCITIZ,1,WORLD,ALL,Y_GE60,2019,2240,,,,,,,,,,,
IT1:29_849_DF_DCIS_ACQCITIZ_1(1.0),A,IT,ACQCITIZ,1,WORLD,ALL,Y_GE60,2020,2970,,,,,,,,,,,
IT1:29_849_DF_DCIS_ACQCITIZ_1(1.0),A,IT,ACQCITIZ,1,WORLD,ALL,Y_GE60,2021,2720,,,,,,,,,,,
IT1:29_849_DF_DCIS_ACQCITIZ_1(1.0),A,IT,ACQCITIZ,1,WORLD,ALL,Y_GE60,2022,5338,,,,,,,,,,,
IT1:29_849_DF_DCIS_ACQCITIZ_1(1.0),A,IT,ACQCITIZ,1,WORLD,ALL,Y_GE60,2023,4195,,,,,,,,,,,
IT1:29_849_DF_DCIS_ACQCITIZ_1(1.0),A,IT,ACQCITIZ,1,WORLD,ALL,Y_UN19,2014,26943,,,,,,,,,,,
IT1:29_849_DF_DCIS_ACQCITIZ_1(1.0),A,IT,ACQCITIZ,1,WORLD,ALL,Y_UN19,2015,36550,,,,,,,,,,,
IT1:29_849_DF_DCIS_ACQCITIZ_1(1.0),A,IT,ACQCITIZ,1,WORLD,ALL,Y_UN19,2016,41844,,,,,,,,,,,
IT1:29_849_DF_DCIS_ACQCITIZ_1(1.0),A,IT,ACQCITIZ,1,WORLD,ALL,Y_UN19,2017,27836,,,,,,,,,,,
IT1:29_849_DF_DCIS_ACQCITIZ_1(1.0),A,IT,ACQCITIZ,1,WORLD,ALL,Y_UN19,2018,20708,,,,,,,,,,,
IT1:29_849_DF_DCIS_ACQCITIZ_1(1.0),A,IT,ACQCITIZ,1,WORLD,ALL,Y_UN19,2019,23514,,,,,,,,,,,
IT1:29_849_DF_DCIS_ACQCITIZ_1(1.0),A,IT,ACQCITIZ,1,WORLD,ALL,Y_UN20,2020,23021,,,,,,,,,,,
IT1:29_849_DF_DCIS_ACQCITIZ_1(1.0),A,IT,ACQCITIZ,1,WORLD,ALL,Y_UN20,2021,24912,,,,,,,,,,,
IT1:29_849_DF_DCIS_ACQCITIZ_1(1.0),A,IT,ACQCITIZ,1,WORLD,ALL,Y_UN20,2022,40393,,,,,,,,,,,
IT1:29_849_DF_DCIS_ACQCITIZ_1(1.0),A,IT,ACQCITIZ,1,WORLD,ALL,Y_UN20,2023,40669,,,,,,,,,,,
IT1:29_849_DF_DCIS_ACQCITIZ_1(1.0),A,IT,ACQCITIZ,1,WORLD,ALL,Y20-29,2014,4546,,,,,,,,,,,
IT1:29_849_DF_DCIS_ACQCITIZ_1(1.0),A,IT,ACQCITIZ,1,WORLD,ALL,Y20-29,2015,7961,,,,,,,,,,,
IT1:29_849_DF_DCIS_ACQCITIZ_1(1.0),A,IT,ACQCITIZ,1,WORLD,ALL,Y20-29,2016,10306,,,,,,,,,,,
IT1:29_849_DF_DCIS_ACQCITIZ_1(1.0),A,IT,ACQCITIZ,1,WORLD,ALL,Y20-29,2017,8489,,,,,,,,,,,
IT1:29_849_DF_DCIS_ACQCITIZ_1(1.0),A,IT,ACQCITIZ,1,WORLD,ALL,Y20-29,2018,6420,,,,,,,,,,,
IT1:29_849_DF_DCIS_ACQCITIZ_1(1.0),A,IT,ACQCITIZ,1,WORLD,ALL,Y20-29,2019,7656,,,,,,,,,,,
IT1:29_849_DF_DCIS_ACQCITIZ_1(1.0),A,IT,ACQCITIZ,1,WORLD,ALL,Y20-29,2020,6853,,,,,,,,,,,
IT1:29_849_DF_DCIS_ACQCITIZ_1(1.0),A,IT,ACQCITIZ,1,WORLD,ALL,Y20-29,2021,5579,,,,,,,,,,,
IT1:29_849_DF_DCIS_ACQCITIZ_1(1.0),A,IT,ACQCITIZ,1,WORLD,ALL,Y20-29,2022,10429,,,,,,,,,,,
IT1:29_849_DF_DCIS_ACQCITIZ_1(1.0),A,IT,ACQCITIZ,1,WORLD,ALL,Y20-29,2023,11949,,,,,,,,,,,
IT1:29_849_DF_DCIS_ACQCITIZ_1(1.0),A,IT,ACQCITIZ,1,WORLD,ALL,Y30-39,2014,8706,,,,,,,,,,,
IT1:29_849_DF_DCIS_ACQCITIZ_1(1.0),A,IT,ACQCITIZ,1,WORLD,ALL,Y30-39,2015,12385,,,,,,,,,,,
IT1:29_849_DF_DCIS_ACQCITIZ_1(1.0),A,IT,ACQCITIZ,1,WORLD,ALL,Y30-39,2016,17076,,,,,,,,,,,
IT1:29_849_DF_DCIS_ACQCITIZ_1(1.0),A,IT,ACQCITIZ,1,WORLD,ALL,Y30-39,2017,12334,,,,,,,,,,,
IT1:29_849_DF_DCIS_ACQCITIZ_1(1.0),A,IT,ACQCITIZ,1,WORLD,ALL,Y30-39,2018,8794,,,,,,,,,,,
IT1:29_849_DF_DCIS_ACQCITIZ_1(1.0),A,IT,ACQCITIZ,1,WORLD,ALL,Y30-39,2019,9858,,,,,,,,,,,
IT1:29_849_DF_DCIS_ACQCITIZ_1(1.0),A,IT,ACQCITIZ,1,WORLD,ALL,Y30-39,2020,10999,,,,,,,,,,,
IT1:29_849_DF_DCIS_ACQCITIZ_1(1.0),A,IT,ACQCITIZ,1,WORLD,ALL,Y30-39,2021,8640,,,,,,,,,,,
IT1:29_849_DF_DCIS_ACQCITIZ_1(1.0),A,IT,ACQCITIZ,1,WORLD,ALL,Y30-39,2022,17389,,,,,,,,,,,
IT1:29_849_DF_DCIS_ACQCITIZ_1(1.0),A,IT,ACQCITIZ,1,WORLD,ALL,Y30-39,2023,18951,,,,,,,,,,,
IT1:29_849_DF_DCIS_ACQCITIZ_1(1.0),A,IT,ACQCITIZ,1,WORLD,ALL,Y40-49,2014,15756,,,,,,,,,,,
IT1:29_849_DF_DCIS_ACQCITIZ_1(1.0),A,IT,ACQCITIZ,1,WORLD,ALL,Y40-49,2015,19384,,,,,,,,,,,
IT1:29_849_DF_DCIS_ACQCITIZ_1(1.0),A,IT,ACQCITIZ,1,WORLD,ALL,Y40-49,2016,22169,,,,,,,,,,,
IT1:29_849_DF_DCIS_ACQCITIZ_1(1.0),A,IT,ACQCITIZ,1,WORLD,ALL,Y40-49,2017,14980,,,,,,,,,,,
IT1:29_849_DF_DCIS_ACQCITIZ_1(1.0),A,IT,ACQCITIZ,1,WORLD,ALL,Y40-49,2018,9142,,,,,,,,,,,
IT1:29_849_DF_DCIS_ACQCITIZ_1(1.0),A,IT,ACQCITIZ,1,WORLD,ALL,Y40-49,2019,10866,,,,,,,,,,,
IT1:29_849_DF_DCIS_ACQCITIZ_1(1.0),A,IT,ACQCITIZ,1,WORLD,ALL,Y40-49,2020,14733,,,,,,,,,,,
IT1:29_849_DF_DCIS_ACQCITIZ_1(1.0),A,IT,ACQCITIZ,1,WORLD,ALL,Y40-49,2021,11326,,,,,,,,,,,
IT1:29_849_DF_DCIS_ACQCITIZ_1(1.0),A,IT,ACQCITIZ,1,WORLD,ALL,Y40-49,2022,21074,,,,,,,,,,,
IT1:29_849_DF_DCIS_ACQCITIZ_1(1.0),A,IT,ACQCITIZ,1,WORLD,ALL,Y40-49,2023,20236,,,,,,,,,,,
IT1:29_849_DF_DCIS_ACQCITIZ_1(1.0),A,IT,ACQCITIZ,1,WORLD,ALL,Y50-59,2014,8276,,,,,,,,,,,
IT1:29_849_DF_DCIS_ACQCITIZ_1(1.0),A,IT,ACQCITIZ,1,WORLD,ALL,Y50-59,2015,10313,,,,,,,,,,,
IT1:29_849_DF_DCIS_ACQCITIZ_1(1.0),A,IT,ACQCITIZ,1,WORLD,ALL,Y50-59,2016,9619,,,,,,,,,,,
IT1:29_849_DF_DCIS_ACQCITIZ_1(1.0),A,IT,ACQCITIZ,1,WORLD,ALL,Y50-59,2017,6519,,,,,,,,,,,
IT1:29_849_DF_DCIS_ACQCITIZ_1(1.0),A,IT,ACQCITIZ,1,WORLD,ALL,Y50-59,2018,4578,,,,,,,,,,,
IT1:29_849_DF_DCIS_ACQCITIZ_1(1.0),A,IT,ACQCITIZ,1,WORLD,ALL,Y50-59,2019,5977,,,,,,,,,,,
IT1:29_849_DF_DCIS_ACQCITIZ_1(1.0),A,IT,ACQCITIZ,1,WORLD,ALL,Y50-59,2020,8024,,,,,,,,,,,
IT1:29_849_DF_DCIS_ACQCITIZ_1(1.0),A,IT,ACQCITIZ,1,WORLD,ALL,Y50-59,2021,6736,,,,,,,,,,,
IT1:29_849_DF_DCIS_ACQCITIZ_1(1.0),A,IT,ACQCITIZ,1,WORLD,ALL,Y50-59,2022,12644,,,,,,,,,,,
IT1:29_849_DF_DCIS_ACQCITIZ_1(1.0),A,IT,ACQCITIZ,1,WORLD,ALL,Y50-59,2023,10449,,,,,,,,,,,
IT1:29_849_DF_DCIS_ACQCITIZ_1(1.0),A,IT,ACQCITIZ,1,WORLD,MAT,TOTAL,2014,3033,,,,,,,,,,,
IT1:29_849_DF_DCIS_ACQCITIZ_1(1.0),A,IT,ACQCITIZ,1,WORLD,MAT,TOTAL,2015,2423,,,,,,,,,,,
IT1:29_849_DF_DCIS_ACQCITIZ_1(1.0),A,IT,ACQCITIZ,1,WORLD,MAT,TOTAL,2016,2764,,,,,,,,,,,
IT1:29_849_DF_DCIS_ACQCITIZ_1(1.0),A,IT,ACQCITIZ,1,WORLD,MAT,TOTAL,2017,3212,,,,,,,,,,,
IT1:29_849_DF_DCIS_ACQCITIZ_1(1.0),A,IT,ACQCITIZ,1,WORLD,MAT,TOTAL,2018,3525,,,,,,,,,,,
IT1:29_849_DF_DCIS_ACQCITIZ_1(1.0),A,IT,ACQCITIZ,1,WORLD,MAT,TOTAL,2019,2597,,,,,,,,,,,
IT1:29_849_DF_DCIS_ACQCITIZ_1(1.0),A,IT,ACQCITIZ,1,WORLD,MAT,TOTAL,2020,2125,,,,,,,,,,,
IT1:29_849_DF_DCIS_ACQCITIZ_1(1.0),A,IT,ACQCITIZ,1,WORLD,MAT,TOTAL,2021,2579,,,,,,,,,,,
IT1:29_849_DF_DCIS_ACQCITIZ_1(1.0),A,IT,ACQCITIZ,1,WORLD,MAT,TOTAL,2022,3137,,,,,,,,,,,
IT1:29_849_DF_DCIS_ACQCITIZ_1(1.0),A,IT,ACQCITIZ,1,WORLD,MAT,TOTAL,2023,4691,,,,,,,,,,,
IT1:29_849_DF_DCIS_ACQCITIZ_1(1.0),A,IT,ACQCITIZ,1,WORLD,MAT,Y_GE60,2014,98,,,,,,,,,,,
IT1:29_849_DF_DCIS_ACQCITIZ_1(1.0),A,IT,ACQCITIZ,1,WORLD,MAT,Y_GE60,2015,86,,,,,,,,,,,
IT1:29_849_DF_DCIS_ACQCITIZ_1(1.0),A,IT,ACQCITIZ,1,WORLD,MAT,Y_GE60,2016,78,,,,,,,,,,,
IT1:29_849_DF_DCIS_ACQCITIZ_1(1.0),A,IT,ACQCITIZ,1,WORLD,MAT,Y_GE60,2017,125,,,,,,,,,,,
IT1:29_849_DF_DCIS_ACQCITIZ_1(1.0),A,IT,ACQCITIZ,1,WORLD,MAT,Y_GE60,2018,185,,,,,,,,,,,
IT1:29_849_DF_DCIS_ACQCITIZ_1(1.0),A,IT,ACQCITIZ,1,WORLD,MAT,Y_GE60,2019,173,,,,,,,,,,,
IT1:29_849_DF_DCIS_ACQCITIZ_1(1.0),A,IT,ACQCITIZ,1,WORLD,MAT,Y_GE60,2020,152,,,,,,,,,,,
IT1:29_849_DF_DCIS_ACQCITIZ_1(1.0),A,IT,ACQCITIZ,1,WORLD,MAT,Y_GE60,2021,235,,,,,,,,,,,
IT1:29_849_DF_DCIS_ACQCITIZ_1(1.0),A,IT,ACQCITIZ,1,WORLD,MAT,Y_GE60,2022,280,,,,,,,,,,,
IT1:29_849_DF_DCIS_ACQCITIZ_1(1.0),A,IT,ACQCITIZ,1,WORLD,MAT,Y_GE60,2023,387,,,,,,,,,,,
IT1:29_849_DF_DCIS_ACQCITIZ_1(1.0),A,IT,ACQCITIZ,1,WORLD,MAT,Y_UN20,2022,2,,,,,,,,,,,
IT1:29_849_DF_DCIS_ACQCITIZ_1(1.0),A,IT,ACQCITIZ,1,WORLD,MAT,Y_UN20,2023,7,,,,,,,,,,,
IT1:29_849_DF_DCIS_ACQCITIZ_1(1.0),A,IT,ACQCITIZ,1,WORLD,MAT,Y20-29,2014,330,,,,,,,,,,,
IT1:29_849_DF_DCIS_ACQCITIZ_1(1.0),A,IT,ACQCITIZ,1,WORLD,MAT,Y20-29,2015,263,,,,,,,,,,,
IT1:29_849_DF_DCIS_ACQCITIZ_1(1.0),A,IT,ACQCITIZ,1,WORLD,MAT,Y20-29,2016,356,,,,,,,,,,,
IT1:29_849_DF_DCIS_ACQCITIZ_1(1.0),A,IT,ACQCITIZ,1,WORLD,MAT,Y20-29,2017,392,,,,,,,,,,,
IT1:29_849_DF_DCIS_ACQCITIZ_1(1.0),A,IT,ACQCITIZ,1,WORLD,MAT,Y20-29,2018,367,,,,,,,,,,,
IT1:29_849_DF_DCIS_ACQCITIZ_1(1.0),A,IT,ACQCITIZ,1,WORLD,MAT,Y20-29,2019,240,,,,,,,,,,,
IT1:29_849_DF_DCIS_ACQCITIZ_1(1.0),A,IT,ACQCITIZ,1,WORLD,MAT,Y20-29,2020,125,,,,,,,,,,,
IT1:29_849_DF_DCIS_ACQCITIZ_1(1.0),A,IT,ACQCITIZ,1,WORLD,MAT,Y20-29,2021,202,,,,,,,,,,,
IT1:29_849_DF_DCIS_ACQCITIZ_1(1.0),A,IT,ACQCITIZ,1,WORLD,MAT,Y20-29,2022,151,,,,,,,,,,,
IT1:29_849_DF_DCIS_ACQCITIZ_1(1.0),A,IT,ACQCITIZ,1,WORLD,MAT,Y20-29,2023,354,,,,,,,,,,,
IT1:29_849_DF_DCIS_ACQCITIZ_1(1.0),A,IT,ACQCITIZ,1,WORLD,MAT,Y30-39,2014,1346,,,,,,,,,,,
IT1:29_849_DF_DCIS_ACQCITIZ_1(1.0),A,IT,ACQCITIZ,1,WORLD,MAT,Y30-39,2015,1202,,,,,,,,,,,
IT1:29_849_DF_DCIS_ACQCITIZ_1(1.0),A,IT,ACQCITIZ,1,WORLD,MAT,Y30-39,2016,1328,,,,,,,,,,,
IT1:29_849_DF_DCIS_ACQCITIZ_1(1.0),A,IT,ACQCITIZ,1,WORLD,MAT,Y30-39,2017,1364,,,,,,,,,,,
IT1:29_849_DF_DCIS_ACQCITIZ_1(1.0),A,IT,ACQCITIZ,1,WORLD,MAT,Y30-39,2018,1525,,,,,,,,,,,
IT1:29_849_DF_DCIS_ACQCITIZ_1(1.0),A,IT,ACQCITIZ,1,WORLD,MAT,Y30-39,2019,1024,,,,,,,,,,,
IT1:29_849_DF_DCIS_ACQCITIZ_1(1.0),A,IT,ACQCITIZ,1,WORLD,MAT,Y30-39,2020,851,,,,,,,,,,,
IT1:29_849_DF_DCIS_ACQCITIZ_1(1.0),A,IT,ACQCITIZ,1,WORLD,MAT,Y30-39,2021,912,,,,,,,,,,,
IT1:29_849_DF_DCIS_ACQCITIZ_1(1.0),A,IT,ACQCITIZ,1,WORLD,MAT,Y30-39,2022,1119,,,,,,,,,,,
IT1:29_849_DF_DCIS_ACQCITIZ_1(1.0),A,IT,ACQCITIZ,1,WORLD,MAT,Y30-39,2023,1722,,,,,,,,,,,
IT1:29_849_DF_DCIS_ACQCITIZ_1(1.0),A,IT,ACQCITIZ,1,WORLD,MAT,Y40-49,2014,915,,,,,,,,,,,
IT1:29_849_DF_DCIS_ACQCITIZ_1(1.0),A,IT,ACQCITIZ,1,WORLD,MAT,Y40-49,2015,649,,,,,,,,,,,
IT1:29_849_DF_DCIS_ACQCITIZ_1(1.0),A,IT,ACQCITIZ,1,WORLD,MAT,Y40-49,2016,738,,,,,,,,,,,
IT1:29_849_DF_DCIS_ACQCITIZ_1(1.0),A,IT,ACQCITIZ,1,WORLD,MAT,Y40-49,2017,962,,,,,,,,,,,
IT1:29_849_DF_DCIS_ACQCITIZ_1(1.0),A,IT,ACQCITIZ,1,WORLD,MAT,Y40-49,2018,1026,,,,,,,,,,,
IT1:29_849_DF_DCIS_ACQCITIZ_1(1.0),A,IT,ACQCITIZ,1,WORLD,MAT,Y40-49,2019,788,,,,,,,,,,,
IT1:29_849_DF_DCIS_ACQCITIZ_1(1.0),A,IT,ACQCITIZ,1,WORLD,MAT,Y40-49,2020,652,,,,,,,,,,,
IT1:29_849_DF_DCIS_ACQCITIZ_1(1.0),A,IT,ACQCITIZ,1,WORLD,MAT,Y40-49,2021,781,,,,,,,,,,,
IT1:29_849_DF_DCIS_ACQCITIZ_1(1.0),A,IT,ACQCITIZ,1,WORLD,MAT,Y40-49,2022,1038,,,,,,,,,,,
IT1:29_849_DF_DCIS_ACQCITIZ_1(1.0),A,IT,ACQCITIZ,1,WORLD,MAT,Y40-49,2023,1448,,,,,,,,,,,
IT1:29_849_DF_DCIS_ACQCITIZ_1(1.0),A,IT,ACQCITIZ,1,WORLD,MAT,Y50-59,2014,344,,,,,,,,,,,
IT1:29_849_DF_DCIS_ACQCITIZ_1(1.0),A,IT,ACQCITIZ,1,WORLD,MAT,Y50-59,2015,223,,,,,,,,,,,
IT1:29_849_DF_DCIS_ACQCITIZ_1(1.0),A,IT,ACQCITIZ,1,WORLD,MAT,Y50-59,2016,264,,,,,,,,,,,
IT1:29_849_DF_DCIS_ACQCITIZ_1(1.0),A,IT,ACQCITIZ,1,WORLD,MAT,Y50-59,2017,369,,,,,,,,,,,
IT1:29_849_DF_DCIS_ACQCITIZ_1(1.0),A,IT,ACQCITIZ,1,WORLD,MAT,Y50-59,2018,422,,,,,,,,,,,
IT1:29_849_DF_DCIS_ACQCITIZ_1(1.0),A,IT,ACQCITIZ,1,WORLD,MAT,Y50-59,2019,372,,,,,,,,,,,
IT1:29_849_DF_DCIS_ACQCITIZ_1(1.0),A,IT,ACQCITIZ,1,WORLD,MAT,Y50-59,2020,345,,,,,,,,,,,
IT1:29_849_DF_DCIS_ACQCITIZ_1(1.0),A,IT,ACQCITIZ,1,WORLD,MAT,Y50-59,2021,449,,,,,,,,,,,
IT1:29_849_DF_DCIS_ACQCITIZ_1(1.0),A,IT,ACQCITIZ,1,WORLD,MAT,Y50-59,2022,547,,,,,,,,,,,
IT1:29_849_DF_DCIS_ACQCITIZ_1(1.0),A,IT,ACQCITIZ,1,WORLD,MAT,Y50-59,2023,773,,,,,,,,,,,
IT1:29_849_DF_DCIS_ACQCITIZ_1(1.0),A,IT,ACQCITIZ,1,WORLD,RS,TOTAL,2014,36152,,,,,,,,,,,
IT1:29_849_DF_DCIS_ACQCITIZ_1(1.0),A,IT,ACQCITIZ,1,WORLD,RS,TOTAL,2015,50252,,,,,,,,,,,
IT1:29_849_DF_DCIS_ACQCITIZ_1(1.0),A,IT,ACQCITIZ,1,WORLD,RS,TOTAL,2016,58686,,,,,,,,,,,
IT1:29_849_DF_DCIS_ACQCITIZ_1(1.0),A,IT,ACQCITIZ,1,WORLD,RS,TOTAL,2017,36605,,,,,,,,,,,
IT1:29_849_DF_DCIS_ACQCITIZ_1(1.0),A,IT,ACQCITIZ,1,WORLD,RS,TOTAL,2018,22121,,,,,,,,,,,
IT1:29_849_DF_DCIS_ACQCITIZ_1(1.0),A,IT,ACQCITIZ,1,WORLD,RS,TOTAL,2019,28240,,,,,,,,,,,
IT1:29_849_DF_DCIS_ACQCITIZ_1(1.0),A,IT,ACQCITIZ,1,WORLD,RS,TOTAL,2020,37536,,,,,,,,,,,
IT1:29_849_DF_DCIS_ACQCITIZ_1(1.0),A,IT,ACQCITIZ,1,WORLD,RS,TOTAL,2021,28364,,,,,,,,,,,
IT1:29_849_DF_DCIS_ACQCITIZ_1(1.0),A,IT,ACQCITIZ,1,WORLD,RS,TOTAL,2022,53593,,,,,,,,,,,
IT1:29_849_DF_DCIS_ACQCITIZ_1(1.0),A,IT,ACQCITIZ,1,WORLD,RS,TOTAL,2023,47869,,,,,,,,,,,
IT1:29_849_DF_DCIS_ACQCITIZ_1(1.0),A,IT,ACQCITIZ,1,WORLD,RS,Y_GE60,2014,1800,,,,,,,,,,,
IT1:29_849_DF_DCIS_ACQCITIZ_1(1.0),A,IT,ACQCITIZ,1,WORLD,RS,Y_GE60,2015,2544,,,,,,,,,,,
IT1:29_849_DF_DCIS_ACQCITIZ_1(1.0),A,IT,ACQCITIZ,1,WORLD,RS,Y_GE60,2016,2171,,,,,,,,,,,
IT1:29_849_DF_DCIS_ACQCITIZ_1(1.0),A,IT,ACQCITIZ,1,WORLD,RS,Y_GE60,2017,1547,,,,,,,,,,,
IT1:29_849_DF_DCIS_ACQCITIZ_1(1.0),A,IT,ACQCITIZ,1,WORLD,RS,Y_GE60,2018,1141,,,,,,,,,,,
IT1:29_849_DF_DCIS_ACQCITIZ_1(1.0),A,IT,ACQCITIZ,1,WORLD,RS,Y_GE60,2019,1846,,,,,,,,,,,
IT1:29_849_DF_DCIS_ACQCITIZ_1(1.0),A,IT,ACQCITIZ,1,WORLD,RS,Y_GE60,2020,2663,,,,,,,,,,,
IT1:29_849_DF_DCIS_ACQCITIZ_1(1.0),A,IT,ACQCITIZ,1,WORLD,RS,Y_GE60,2021,2319,,,,,,,,,,,
IT1:29_849_DF_DCIS_ACQCITIZ_1(1.0),A,IT,ACQCITIZ,1,WORLD,RS,Y_GE60,2022,4533,,,,,,,,,,,
IT1:29_849_DF_DCIS_ACQCITIZ_1(1.0),A,IT,ACQCITIZ,1,WORLD,RS,Y_GE60,2023,3122,,,,,,,,,,,
IT1:29_849_DF_DCIS_ACQCITIZ_1(1.0),A,IT,ACQCITIZ,1,WORLD,RS,Y_UN19,2014,3,,,,,,,,,,,
IT1:29_849_DF_DCIS_ACQCITIZ_1(1.0),A,IT,ACQCITIZ,1,WORLD,RS,Y_UN19,2015,2,,,,,,,,,,,
IT1:29_849_DF_DCIS_ACQCITIZ_1(1.0),A,IT,ACQCITIZ,1,WORLD,RS,Y_UN19,2016,31,,,,,,,,,,,
IT1:29_849_DF_DCIS_ACQCITIZ_1(1.0),A,IT,ACQCITIZ,1,WORLD,RS,Y_UN19,2017,2,,,,,,,,,,,
IT1:29_849_DF_DCIS_ACQCITIZ_1(1.0),A,IT,ACQCITIZ,1,WORLD,RS,Y_UN19,2018,1,,,,,,,,,,,
IT1:29_849_DF_DCIS_ACQCITIZ_1(1.0),A,IT,ACQCITIZ,1,WORLD,RS,Y_UN20,2021,26,,,,,,,,,,,
IT1:29_849_DF_DCIS_ACQCITIZ_1(1.0),A,IT,ACQCITIZ,1,WORLD,RS,Y_UN20,2022,80,,,,,,,,,,,
IT1:29_849_DF_DCIS_ACQCITIZ_1(1.0),A,IT,ACQCITIZ,1,WORLD,RS,Y_UN20,2023,131,,,,,,,,,,,
IT1:29_849_DF_DCIS_ACQCITIZ_1(1.0),A,IT,ACQCITIZ,1,WORLD,RS,Y20-29,2014,4216,,,,,,,,,,,
IT1:29_849_DF_DCIS_ACQCITIZ_1(1.0),A,IT,ACQCITIZ,1,WORLD,RS,Y20-29,2015,7698,,,,,,,,,,,
IT1:29_849_DF_DCIS_ACQCITIZ_1(1.0),A,IT,ACQCITIZ,1,WORLD,RS,Y20-29,2016,9950,,,,,,,,,,,
IT1:29_849_DF_DCIS_ACQCITIZ_1(1.0),A,IT,ACQCITIZ,1,WORLD,RS,Y20-29,2017,6356,,,,,,,,,,,
IT1:29_849_DF_DCIS_ACQCITIZ_1(1.0),A,IT,ACQCITIZ,1,WORLD,RS,Y20-29,2018,4193,,,,,,,,,,,
IT1:29_849_DF_DCIS_ACQCITIZ_1(1.0),A,IT,ACQCITIZ,1,WORLD,RS,Y20-29,2019,5052,,,,,,,,,,,
IT1:29_849_DF_DCIS_ACQCITIZ_1(1.0),A,IT,ACQCITIZ,1,WORLD,RS,Y20-29,2020,5221,,,,,,,,,,,
IT1:29_849_DF_DCIS_ACQCITIZ_1(1.0),A,IT,ACQCITIZ,1,WORLD,RS,Y20-29,2021,3769,,,,,,,,,,,
IT1:29_849_DF_DCIS_ACQCITIZ_1(1.0),A,IT,ACQCITIZ,1,WORLD,RS,Y20-29,2022,6577,,,,,,,,,,,
IT1:29_849_DF_DCIS_ACQCITIZ_1(1.0),A,IT,ACQCITIZ,1,WORLD,RS,Y20-29,2023,6474,,,,,,,,,,,
IT1:29_849_DF_DCIS_ACQCITIZ_1(1.0),A,IT,ACQCITIZ,1,WORLD,RS,Y30-39,2014,7360,,,,,,,,,,,
IT1:29_849_DF_DCIS_ACQCITIZ_1(1.0),A,IT,ACQCITIZ,1,WORLD,RS,Y30-39,2015,11183,,,,,,,,,,,
IT1:29_849_DF_DCIS_ACQCITIZ_1(1.0),A,IT,ACQCITIZ,1,WORLD,RS,Y30-39,2016,15748,,,,,,,,,,,
IT1:29_849_DF_DCIS_ACQCITIZ_1(1.0),A,IT,ACQCITIZ,1,WORLD,RS,Y30-39,2017,9348,,,,,,,,,,,
IT1:29_849_DF_DCIS_ACQCITIZ_1(1.0),A,IT,ACQCITIZ,1,WORLD,RS,Y30-39,2018,5541,,,,,,,,,,,
IT1:29_849_DF_DCIS_ACQCITIZ_1(1.0),A,IT,ACQCITIZ,1,WORLD,RS,Y30-39,2019,6749,,,,,,,,,,,
IT1:29_849_DF_DCIS_ACQCITIZ_1(1.0),A,IT,ACQCITIZ,1,WORLD,RS,Y30-39,2020,8665,,,,,,,,,,,
IT1:29_849_DF_DCIS_ACQCITIZ_1(1.0),A,IT,ACQCITIZ,1,WORLD,RS,Y30-39,2021,6232,,,,,,,,,,,
IT1:29_849_DF_DCIS_ACQCITIZ_1(1.0),A,IT,ACQCITIZ,1,WORLD,RS,Y30-39,2022,12351,,,,,,,,,,,
IT1:29_849_DF_DCIS_ACQCITIZ_1(1.0),A,IT,ACQCITIZ,1,WORLD,RS,Y30-39,2023,12282,,,,,,,,,,,
IT1:29_849_DF_DCIS_ACQCITIZ_1(1.0),A,IT,ACQCITIZ,1,WORLD,RS,Y40-49,2014,14841,,,,,,,,,,,
IT1:29_849_DF_DCIS_ACQCITIZ_1(1.0),A,IT,ACQCITIZ,1,WORLD,RS,Y40-49,2015,18735,,,,,,,,,,,
IT1:29_849_DF_DCIS_ACQCITIZ_1(1.0),A,IT,ACQCITIZ,1,WORLD,RS,Y40-49,2016,21431,,,,,,,,,,,
IT1:29_849_DF_DCIS_ACQCITIZ_1(1.0),A,IT,ACQCITIZ,1,WORLD,RS,Y40-49,2017,13448,,,,,,,,,,,
IT1:29_849_DF_DCIS_ACQCITIZ_1(1.0),A,IT,ACQCITIZ,1,WORLD,RS,Y40-49,2018,7421,,,,,,,,,,,
IT1:29_849_DF_DCIS_ACQCITIZ_1(1.0),A,IT,ACQCITIZ,1,WORLD,RS,Y40-49,2019,9345,,,,,,,,,,,
IT1:29_849_DF_DCIS_ACQCITIZ_1(1.0),A,IT,ACQCITIZ,1,WORLD,RS,Y40-49,2020,13508,,,,,,,,,,,
IT1:29_849_DF_DCIS_ACQCITIZ_1(1.0),A,IT,ACQCITIZ,1,WORLD,RS,Y40-49,2021,9969,,,,,,,,,,,
IT1:29_849_DF_DCIS_ACQCITIZ_1(1.0),A,IT,ACQCITIZ,1,WORLD,RS,Y40-49,2022,18574,,,,,,,,,,,
IT1:29_849_DF_DCIS_ACQCITIZ_1(1.0),A,IT,ACQCITIZ,1,WORLD,RS,Y40-49,2023,17002,,,,,,,,,,,
IT1:29_849_DF_DCIS_ACQCITIZ_1(1.0),A,IT,ACQCITIZ,1,WORLD,RS,Y50-59,2014,7932,,,,,,,,,,,
IT1:29_849_DF_DCIS_ACQCITIZ_1(1.0),A,IT,ACQCITIZ,1,WORLD,RS,Y50-59,2015,10090,,,,,,,,,,,
IT1:29_849_DF_DCIS_ACQCITIZ_1(1.0),A,IT,ACQCITIZ,1,WORLD,RS,Y50-59,2016,9355,,,,,,,,,,,
IT1:29_849_DF_DCIS_ACQCITIZ_1(1.0),A,IT,ACQCITIZ,1,WORLD,RS,Y50-59,2017,5904,,,,,,,,,,,
IT1:29_849_DF_DCIS_ACQCITIZ_1(1.0),A,IT,ACQCITIZ,1,WORLD,RS,Y50-59,2018,3824,,,,,,,,,,,
IT1:29_849_DF_DCIS_ACQCITIZ_1(1.0),A,IT,ACQCITIZ,1,WORLD,RS,Y50-59,2019,5248,,,,,,,,,,,
IT1:29_849_DF_DCIS_ACQCITIZ_1(1.0),A,IT,ACQCITIZ,1,WORLD,RS,Y50-59,2020,7479,,,,,,,,,,,
IT1:29_849_DF_DCIS_ACQCITIZ_1(1.0),A,IT,ACQCITIZ,1,WORLD,RS,Y50-59,2021,6049,,,,,,,,,,,
IT1:29_849_DF_DCIS_ACQCITIZ_1(1.0),A,IT,ACQCITIZ,1,WORLD,RS,Y50-59,2022,11478,,,,,,,,,,,
IT1:29_849_DF_DCIS_ACQCITIZ_1(1.0),A,IT,ACQCITIZ,1,WORLD,RS,Y50-59,2023,8858,,,,,,,,,,,
IT1:29_849_DF_DCIS_ACQCITIZ_1(1.0),A,IT,ACQCITIZ,1,WORLD,TRS,TOTAL,2014,26940,,,,,,,,,,,
IT1:29_849_DF_DCIS_ACQCITIZ_1(1.0),A,IT,ACQCITIZ,1,WORLD,TRS,TOTAL,2015,36548,,,,,,,,,,,
IT1:29_849_DF_DCIS_ACQCITIZ_1(1.0),A,IT,ACQCITIZ,1,WORLD,TRS,TOTAL,2016,41813,,,,,,,,,,,
IT1:29_849_DF_DCIS_ACQCITIZ_1(1.0),A,IT,ACQCITIZ,1,WORLD,TRS,TOTAL,2017,32167,,,,,,,,,,,
IT1:29_849_DF_DCIS_ACQCITIZ_1(1.0),A,IT,ACQCITIZ,1,WORLD,TRS,TOTAL,2018,25556,,,,,,,,,,,
IT1:29_849_DF_DCIS_ACQCITIZ_1(1.0),A,IT,ACQCITIZ,1,WORLD,TRS,TOTAL,2019,29274,,,,,,,,,,,
IT1:29_849_DF_DCIS_ACQCITIZ_1(1.0),A,IT,ACQCITIZ,1,WORLD,TRS,TOTAL,2020,26939,,,,,,,,,,,
IT1:29_849_DF_DCIS_ACQCITIZ_1(1.0),A,IT,ACQCITIZ,1,WORLD,TRS,TOTAL,2021,28970,,,,,,,,,,,
IT1:29_849_DF_DCIS_ACQCITIZ_1(1.0),A,IT,ACQCITIZ,1,WORLD,TRS,TOTAL,2022,50537,,,,,,,,,,,
IT1:29_849_DF_DCIS_ACQCITIZ_1(1.0),A,IT,ACQCITIZ,1,WORLD,TRS,TOTAL,2023,53889,,,,,,,,,,,
IT1:29_849_DF_DCIS_ACQCITIZ_1(1.0),A,IT,ACQCITIZ,1,WORLD,TRS,Y_GE60,2017,154,,,,,,,,,,,
IT1:29_849_DF_DCIS_ACQCITIZ_1(1.0),A,IT,ACQCITIZ,1,WORLD,TRS,Y_GE60,2018,234,,,,,,,,,,,
IT1:29_849_DF_DCIS_ACQCITIZ_1(1.0),A,IT,ACQCITIZ,1,WORLD,TRS,Y_GE60,2019,221,,,,,,,,,,,
IT1:29_849_DF_DCIS_ACQCITIZ_1(1.0),A,IT,ACQCITIZ,1,WORLD,TRS,Y_GE60,2020,155,,,,,,,,,,,
IT1:29_849_DF_DCIS_ACQCITIZ_1(1.0),A,IT,ACQCITIZ,1,WORLD,TRS,Y_GE60,2021,166,,,,,,,,,,,
IT1:29_849_DF_DCIS_ACQCITIZ_1(1.0),A,IT,ACQCITIZ,1,WORLD,TRS,Y_GE60,2022,525,,,,,,,,,,,
IT1:29_849_DF_DCIS_ACQCITIZ_1(1.0),A,IT,ACQCITIZ,1,WORLD,TRS,Y_GE60,2023,686,,,,,,,,,,,
IT1:29_849_DF_DCIS_ACQCITIZ_1(1.0),A,IT,ACQCITIZ,1,WORLD,TRS,Y_UN19,2014,26940,,,,,,,,,,,
IT1:29_849_DF_DCIS_ACQCITIZ_1(1.0),A,IT,ACQCITIZ,1,WORLD,TRS,Y_UN19,2015,36548,,,,,,,,,,,
IT1:29_849_DF_DCIS_ACQCITIZ_1(1.0),A,IT,ACQCITIZ,1,WORLD,TRS,Y_UN19,2016,41813,,,,,,,,,,,
IT1:29_849_DF_DCIS_ACQCITIZ_1(1.0),A,IT,ACQCITIZ,1,WORLD,TRS,Y_UN19,2017,27834,,,,,,,,,,,
IT1:29_849_DF_DCIS_ACQCITIZ_1(1.0),A,IT,ACQCITIZ,1,WORLD,TRS,Y_UN19,2018,20707,,,,,,,,,,,
IT1:29_849_DF_DCIS_ACQCITIZ_1(1.0),A,IT,ACQCITIZ,1,WORLD,TRS,Y_UN19,2019,23514,,,,,,,,,,,
IT1:29_849_DF_DCIS_ACQCITIZ_1(1.0),A,IT,ACQCITIZ,1,WORLD,TRS,Y_UN20,2020,23021,,,,,,,,,,,
IT1:29_849_DF_DCIS_ACQCITIZ_1(1.0),A,IT,ACQCITIZ,1,WORLD,TRS,Y_UN20,2021,24886,,,,,,,,,,,
IT1:29_849_DF_DCIS_ACQCITIZ_1(1.0),A,IT,ACQCITIZ,1,WORLD,TRS,Y_UN20,2022,40311,,,,,,,,,,,
IT1:29_849_DF_DCIS_ACQCITIZ_1(1.0),A,IT,ACQCITIZ,1,WORLD,TRS,Y_UN20,2023,40531,,,,,,,,,,,
IT1:29_849_DF_DCIS_ACQCITIZ_1(1.0),A,IT,ACQCITIZ,1,WORLD,TRS,Y20-29,2017,1741,,,,,,,,,,,
IT1:29_849_DF_DCIS_ACQCITIZ_1(1.0),A,IT,ACQCITIZ,1,WORLD,TRS,Y20-29,2018,1860,,,,,,,,,,,
IT1:29_849_DF_DCIS_ACQCITIZ_1(1.0),A,IT,ACQCITIZ,1,WORLD,TRS,Y20-29,2019,2364,,,,,,,,,,,
IT1:29_849_DF_DCIS_ACQCITIZ_1(1.0),A,IT,ACQCITIZ,1,WORLD,TRS,Y20-29,2020,1507,,,,,,,,,,,
IT1:29_849_DF_DCIS_ACQCITIZ_1(1.0),A,IT,ACQCITIZ,1,WORLD,TRS,Y20-29,2021,1608,,,,,,,,,,,
IT1:29_849_DF_DCIS_ACQCITIZ_1(1.0),A,IT,ACQCITIZ,1,WORLD,TRS,Y20-29,2022,3701,,,,,,,,,,,
IT1:29_849_DF_DCIS_ACQCITIZ_1(1.0),A,IT,ACQCITIZ,1,WORLD,TRS,Y20-29,2023,5121,,,,,,,,,,,
IT1:29_849_DF_DCIS_ACQCITIZ_1(1.0),A,IT,ACQCITIZ,1,WORLD,TRS,Y30-39,2017,1622,,,,,,,,,,,
IT1:29_849_DF_DCIS_ACQCITIZ_1(1.0),A,IT,ACQCITIZ,1,WORLD,TRS,Y30-39,2018,1728,,,,,,,,,,,
IT1:29_849_DF_DCIS_ACQCITIZ_1(1.0),A,IT,ACQCITIZ,1,WORLD,TRS,Y30-39,2019,2085,,,,,,,,,,,
IT1:29_849_DF_DCIS_ACQCITIZ_1(1.0),A,IT,ACQCITIZ,1,WORLD,TRS,Y30-39,2020,1483,,,,,,,,,,,
IT1:29_849_DF_DCIS_ACQCITIZ_1(1.0),A,IT,ACQCITIZ,1,WORLD,TRS,Y30-39,2021,1496,,,,,,,,,,,
IT1:29_849_DF_DCIS_ACQCITIZ_1(1.0),A,IT,ACQCITIZ,1,WORLD,TRS,Y30-39,2022,3919,,,,,,,,,,,
IT1:29_849_DF_DCIS_ACQCITIZ_1(1.0),A,IT,ACQCITIZ,1,WORLD,TRS,Y30-39,2023,4947,,,,,,,,,,,
IT1:29_849_DF_DCIS_ACQCITIZ_1(1.0),A,IT,ACQCITIZ,1,WORLD,TRS,Y40-49,2017,570,,,,,,,,,,,
IT1:29_849_DF_DCIS_ACQCITIZ_1(1.0),A,IT,ACQCITIZ,1,WORLD,TRS,Y40-49,2018,695,,,,,,,,,,,
IT1:29_849_DF_DCIS_ACQCITIZ_1(1.0),A,IT,ACQCITIZ,1,WORLD,TRS,Y40-49,2019,733,,,,,,,,,,,
IT1:29_849_DF_DCIS_ACQCITIZ_1(1.0),A,IT,ACQCITIZ,1,WORLD,TRS,Y40-49,2020,573,,,,,,,,,,,
IT1:29_849_DF_DCIS_ACQCITIZ_1(1.0),A,IT,ACQCITIZ,1,WORLD,TRS,Y40-49,2021,576,,,,,,,,,,,
IT1:29_849_DF_DCIS_ACQCITIZ_1(1.0),A,IT,ACQCITIZ,1,WORLD,TRS,Y40-49,2022,1462,,,,,,,,,,,
IT1:29_849_DF_DCIS_ACQCITIZ_1(1.0),A,IT,ACQCITIZ,1,WORLD,TRS,Y40-49,2023,1786,,,,,,,,,,,
IT1:29_849_DF_DCIS_ACQCITIZ_1(1.0),A,IT,ACQCITIZ,1,WORLD,TRS,Y50-59,2017,246,,,,,,,,,,,
IT1:29_849_DF_DCIS_ACQCITIZ_1(1.0),A,IT,ACQCITIZ,1,WORLD,TRS,Y50-59,2018,332,,,,,,,,,,,
IT1:29_849_DF_DCIS_ACQCITIZ_1(1.0),A,IT,ACQCITIZ,1,WORLD,TRS,Y50-59,2019,357,,,,,,,,,,,
IT1:29_849_DF_DCIS_ACQCITIZ_1(1.0),A,IT,ACQCITIZ,1,WORLD,TRS,Y50-59,2020,200,,,,,,,,,,,
IT1:29_849_DF_DCIS_ACQCITIZ_1(1.0),A,IT,ACQCITIZ,1,WORLD,TRS,Y50-59,2021,238,,,,,,,,,,,
IT1:29_849_DF_DCIS_ACQCITIZ_1(1.0),A,IT,ACQCITIZ,1,WORLD,TRS,Y50-59,2022,619,,,,,,,,,,,
IT1:29_849_DF_DCIS_ACQCITIZ_1(1.0),A,IT,ACQCITIZ,1,WORLD,TRS,Y50-59,2023,818,,,,,,,,,,,
IT1:29_849_DF_DCIS_ACQCITIZ_1(1.0),A,IT,ACQCITIZ,2,WORLD,ALL,TOTAL,2014,63762,,,,,,,,,,,
IT1:29_849_DF_DCIS_ACQCITIZ_1(1.0),A,IT,ACQCITIZ,2,WORLD,ALL,TOTAL,2015,88812,,,,,,,,,,,
IT1:29_849_DF_DCIS_ACQCITIZ_1(1.0),A,IT,ACQCITIZ,2,WORLD,ALL,TOTAL,2016,98328,,,,,,,,,,,
IT1:29_849_DF_DCIS_ACQCITIZ_1(1.0),A,IT,ACQCITIZ,2,WORLD,ALL,TOTAL,2017,74621,,,,,,,,,,,
IT1:29_849_DF_DCIS_ACQCITIZ_1(1.0),A,IT,ACQCITIZ,2,WORLD,ALL,TOTAL,2018,61321,,,,,,,,,,,
IT1:29_849_DF_DCIS_ACQCITIZ_1(1.0),A,IT,ACQCITIZ,2,WORLD,ALL,TOTAL,2019,66890,,,,,,,,,,,
IT1:29_849_DF_DCIS_ACQCITIZ_1(1.0),A,IT,ACQCITIZ,2,WORLD,ALL,TOTAL,2020,65203,,,,,,,,,,,
IT1:29_849_DF_DCIS_ACQCITIZ_1(1.0),A,IT,ACQCITIZ,2,WORLD,ALL,TOTAL,2021,61544,,,,,,,,,,,
IT1:29_849_DF_DCIS_ACQCITIZ_1(1.0),A,IT,ACQCITIZ,2,WORLD,ALL,TOTAL,2022,106449,,,,,,,,,,,
IT1:29_849_DF_DCIS_ACQCITIZ_1(1.0),A,IT,ACQCITIZ,2,WORLD,ALL,TOTAL,2023,107118,,,,,,,,,,,
IT1:29_849_DF_DCIS_ACQCITIZ_1(1.0),A,IT,ACQCITIZ,2,WORLD,ALL,Y_GE60,2014,1697,,,,,,,,,,,
IT1:29_849_DF_DCIS_ACQCITIZ_1(1.0),A,IT,ACQCITIZ,2,WORLD,ALL,Y_GE60,2015,3043,,,,,,,,,,,
IT1:29_849_DF_DCIS_ACQCITIZ_1(1.0),A,IT,ACQCITIZ,2,WORLD,ALL,Y_GE60,2016,3137,,,,,,,,,,,
IT1:29_849_DF_DCIS_ACQCITIZ_1(1.0),A,IT,ACQCITIZ,2,WORLD,ALL,Y_GE60,2017,2405,,,,,,,,,,,
IT1:29_849_DF_DCIS_ACQCITIZ_1(1.0),A,IT,ACQCITIZ,2,WORLD,ALL,Y_GE60,2018,2135,,,,,,,,,,,
IT1:29_849_DF_DCIS_ACQCITIZ_1(1.0),A,IT,ACQCITIZ,2,WORLD,ALL,Y_GE60,2019,2775,,,,,,,,,,,
IT1:29_849_DF_DCIS_ACQCITIZ_1(1.0),A,IT,ACQCITIZ,2,WORLD,ALL,Y_GE60,2020,3103,,,,,,,,,,,
IT1:29_849_DF_DCIS_ACQCITIZ_1(1.0),A,IT,ACQCITIZ,2,WORLD,ALL,Y_GE60,2021,3135,,,,,,,,,,,
IT1:29_849_DF_DCIS_ACQCITIZ_1(1.0),A,IT,ACQCITIZ,2,WORLD,ALL,Y_GE60,2022,6518,,,,,,,,,,,
IT1:29_849_DF_DCIS_ACQCITIZ_1(1.0),A,IT,ACQCITIZ,2,WORLD,ALL,Y_GE60,2023,6190,,,,,,,,,,,
IT1:29_849_DF_DCIS_ACQCITIZ_1(1.0),A,IT,ACQCITIZ,2,WORLD,ALL,Y_UN19,2014,24879,,,,,,,,,,,
IT1:29_849_DF_DCIS_ACQCITIZ_1(1.0),A,IT,ACQCITIZ,2,WORLD,ALL,Y_UN19,2015,34214,,,,,,,,,,,
IT1:29_849_DF_DCIS_ACQCITIZ_1(1.0),A,IT,ACQCITIZ,2,WORLD,ALL,Y_UN19,2016,38676,,,,,,,,,,,
IT1:29_849_DF_DCIS_ACQCITIZ_1(1.0),A,IT,ACQCITIZ,2,WORLD,ALL,Y_UN19,2017,26204,,,,,,,,,,,
IT1:29_849_DF_DCIS_ACQCITIZ_1(1.0),A,IT,ACQCITIZ,2,WORLD,ALL,Y_UN19,2018,19237,,,,,,,,,,,
IT1:29_849_DF_DCIS_ACQCITIZ_1(1.0),A,IT,ACQCITIZ,2,WORLD,ALL,Y_UN19,2019,22227,,,,,,,,,,,
IT1:29_849_DF_DCIS_ACQCITIZ_1(1.0),A,IT,ACQCITIZ,2,WORLD,ALL,Y_UN20,2020,20895,,,,,,,,,,,
IT1:29_849_DF_DCIS_ACQCITIZ_1(1.0),A,IT,ACQCITIZ,2,WORLD,ALL,Y_UN20,2021,23412,,,,,,,,,,,
IT1:29_849_DF_DCIS_ACQCITIZ_1(1.0),A,IT,ACQCITIZ,2,WORLD,ALL,Y_UN20,2022,38246,,,,,,,,,,,
IT1:29_849_DF_DCIS_ACQCITIZ_1(1.0),A,IT,ACQCITIZ,2,WORLD,ALL,Y_UN20,2023,37409,,,,,,,,,,,
IT1:29_849_DF_DCIS_ACQCITIZ_1(1.0),A,IT,ACQCITIZ,2,WORLD,ALL,Y20-29,2014,5387,,,,,,,,,,,
IT1:29_849_DF_DCIS_ACQCITIZ_1(1.0),A,IT,ACQCITIZ,2,WORLD,ALL,Y20-29,2015,8355,,,,,,,,,,,
IT1:29_849_DF_DCIS_ACQCITIZ_1(1.0),A,IT,ACQCITIZ,2,WORLD,ALL,Y20-29,2016,10234,,,,,,,,,,,
IT1:29_849_DF_DCIS_ACQCITIZ_1(1.0),A,IT,ACQCITIZ,2,WORLD,ALL,Y20-29,2017,8856,,,,,,,,,,,
IT1:29_849_DF_DCIS_ACQCITIZ_1(1.0),A,IT,ACQCITIZ,2,WORLD,ALL,Y20-29,2018,7118,,,,,,,,,,,
IT1:29_849_DF_DCIS_ACQCITIZ_1(1.0),A,IT,ACQCITIZ,2,WORLD,ALL,Y20-29,2019,8111,,,,,,,,,,,
IT1:29_849_DF_DCIS_ACQCITIZ_1(1.0),A,IT,ACQCITIZ,2,WORLD,ALL,Y20-29,2020,6960,,,,,,,,,,,
IT1:29_849_DF_DCIS_ACQCITIZ_1(1.0),A,IT,ACQCITIZ,2,WORLD,ALL,Y20-29,2021,5563,,,,,,,,,,,
IT1:29_849_DF_DCIS_ACQCITIZ_1(1.0),A,IT,ACQCITIZ,2,WORLD,ALL,Y20-29,2022,9880,,,,,,,,,,,
IT1:29_849_DF_DCIS_ACQCITIZ_1(1.0),A,IT,ACQCITIZ,2,WORLD,ALL,Y20-29,2023,11414,,,,,,,,,,,
IT1:29_849_DF_DCIS_ACQCITIZ_1(1.0),A,IT,ACQCITIZ,2,WORLD,ALL,Y30-39,2014,13440,,,,,,,,,,,
IT1:29_849_DF_DCIS_ACQCITIZ_1(1.0),A,IT,ACQCITIZ,2,WORLD,ALL,Y30-39,2015,16786,,,,,,,,,,,
IT1:29_849_DF_DCIS_ACQCITIZ_1(1.0),A,IT,ACQCITIZ,2,WORLD,ALL,Y30-39,2016,18842,,,,,,,,,,,
IT1:29_849_DF_DCIS_ACQCITIZ_1(1.0),A,IT,ACQCITIZ,2,WORLD,ALL,Y30-39,2017,16267,,,,,,,,,,,
IT1:29_849_DF_DCIS_ACQCITIZ_1(1.0),A,IT,ACQCITIZ,2,WORLD,ALL,Y30-39,2018,15032,,,,,,,,,,,
IT1:29_849_DF_DCIS_ACQCITIZ_1(1.0),A,IT,ACQCITIZ,2,WORLD,ALL,Y30-39,2019,14304,,,,,,,,,,,
IT1:29_849_DF_DCIS_ACQCITIZ_1(1.0),A,IT,ACQCITIZ,2,WORLD,ALL,Y30-39,2020,13701,,,,,,,,,,,
IT1:29_849_DF_DCIS_ACQCITIZ_1(1.0),A,IT,ACQCITIZ,2,WORLD,ALL,Y30-39,2021,11170,,,,,,,,,,,
IT1:29_849_DF_DCIS_ACQCITIZ_1(1.0),A,IT,ACQCITIZ,2,WORLD,ALL,Y30-39,2022,19316,,,,,,,,,,,
IT1:29_849_DF_DCIS_ACQCITIZ_1(1.0),A,IT,ACQCITIZ,2,WORLD,ALL,Y30-39,2023,20829,,,,,,,,,,,
IT1:29_849_DF_DCIS_ACQCITIZ_1(1.0),A,IT,ACQCITIZ,2,WORLD,ALL,Y40-49,2014,12743,,,,,,,,,,,
IT1:29_849_DF_DCIS_ACQCITIZ_1(1.0),A,IT,ACQCITIZ,2,WORLD,ALL,Y40-49,2015,17727,,,,,,,,,,,
IT1:29_849_DF_DCIS_ACQCITIZ_1(1.0),A,IT,ACQCITIZ,2,WORLD,ALL,Y40-49,2016,18399,,,,,,,,,,,
IT1:29_849_DF_DCIS_ACQCITIZ_1(1.0),A,IT,ACQCITIZ,2,WORLD,ALL,Y40-49,2017,13943,,,,,,,,,,,
IT1:29_849_DF_DCIS_ACQCITIZ_1(1.0),A,IT,ACQCITIZ,2,WORLD,ALL,Y40-49,2018,12153,,,,,,,,,,,
IT1:29_849_DF_DCIS_ACQCITIZ_1(1.0),A,IT,ACQCITIZ,2,WORLD,ALL,Y40-49,2019,12639,,,,,,,,,,,
IT1:29_849_DF_DCIS_ACQCITIZ_1(1.0),A,IT,ACQCITIZ,2,WORLD,ALL,Y40-49,2020,13138,,,,,,,,,,,
IT1:29_849_DF_DCIS_ACQCITIZ_1(1.0),A,IT,ACQCITIZ,2,WORLD,ALL,Y40-49,2021,11516,,,,,,,,,,,
IT1:29_849_DF_DCIS_ACQCITIZ_1(1.0),A,IT,ACQCITIZ,2,WORLD,ALL,Y40-49,2022,19970,,,,,,,,,,,
IT1:29_849_DF_DCIS_ACQCITIZ_1(1.0),A,IT,ACQCITIZ,2,WORLD,ALL,Y40-49,2023,19317,,,,,,,,,,,
IT1:29_849_DF_DCIS_ACQCITIZ_1(1.0),A,IT,ACQCITIZ,2,WORLD,ALL,Y50-59,2014,5616,,,,,,,,,,,
IT1:29_849_DF_DCIS_ACQCITIZ_1(1.0),A,IT,ACQCITIZ,2,WORLD,ALL,Y50-59,2015,8687,,,,,,,,,,,
IT1:29_849_DF_DCIS_ACQCITIZ_1(1.0),A,IT,ACQCITIZ,2,WORLD,ALL,Y50-59,2016,9040,,,,,,,,,,,
IT1:29_849_DF_DCIS_ACQCITIZ_1(1.0),A,IT,ACQCITIZ,2,WORLD,ALL,Y50-59,2017,6946,,,,,,,,,,,
IT1:29_849_DF_DCIS_ACQCITIZ_1(1.0),A,IT,ACQCITIZ,2,WORLD,ALL,Y50-59,2018,5646,,,,,,,,,,,
IT1:29_849_DF_DCIS_ACQCITIZ_1(1.0),A,IT,ACQCITIZ,2,WORLD,ALL,Y50-59,2019,6834,,,,,,,,,,,
IT1:29_849_DF_DCIS_ACQCITIZ_1(1.0),A,IT,ACQCITIZ,2,WORLD,ALL,Y50-59,2020,7406,,,,,,,,,,,
IT1:29_849_DF_DCIS_ACQCITIZ_1(1.0),A,IT,ACQCITIZ,2,WORLD,ALL,Y50-59,2021,6748,,,,,,,,,,,
IT1:29_849_DF_DCIS_ACQCITIZ_1(1.0),A,IT,ACQCITIZ,2,WORLD,ALL,Y50-59,2022,12519,,,,,,,,,,,
IT1:29_849_DF_DCIS_ACQCITIZ_1(1.0),A,IT,ACQCITIZ,2,WORLD,ALL,Y50-59,2023,11959,,,,,,,,,,,
IT1:29_849_DF_DCIS_ACQCITIZ_1(1.0),A,IT,ACQCITIZ,2,WORLD,MAT,TOTAL,2014,16619,,,,,,,,,,,
IT1:29_849_DF_DCIS_ACQCITIZ_1(1.0),A,IT,ACQCITIZ,2,WORLD,MAT,TOTAL,2015,14264,,,,,,,,,,,
IT1:29_849_DF_DCIS_ACQCITIZ_1(1.0),A,IT,ACQCITIZ,2,WORLD,MAT,TOTAL,2016,16509,,,,,,,,,,,
IT1:29_849_DF_DCIS_ACQCITIZ_1(1.0),A,IT,ACQCITIZ,2,WORLD,MAT,TOTAL,2017,19043,,,,,,,,,,,
IT1:29_849_DF_DCIS_ACQCITIZ_1(1.0),A,IT,ACQCITIZ,2,WORLD,MAT,TOTAL,2018,20635,,,,,,,,,,,
IT1:29_849_DF_DCIS_ACQCITIZ_1(1.0),A,IT,ACQCITIZ,2,WORLD,MAT,TOTAL,2019,14429,,,,,,,,,,,
IT1:29_849_DF_DCIS_ACQCITIZ_1(1.0),A,IT,ACQCITIZ,2,WORLD,MAT,TOTAL,2020,11919,,,,,,,,,,,
IT1:29_849_DF_DCIS_ACQCITIZ_1(1.0),A,IT,ACQCITIZ,2,WORLD,MAT,TOTAL,2021,12008,,,,,,,,,,,
IT1:29_849_DF_DCIS_ACQCITIZ_1(1.0),A,IT,ACQCITIZ,2,WORLD,MAT,TOTAL,2022,15662,,,,,,,,,,,
IT1:29_849_DF_DCIS_ACQCITIZ_1(1.0),A,IT,ACQCITIZ,2,WORLD,MAT,TOTAL,2023,20107,,,,,,,,,,,
IT1:29_849_DF_DCIS_ACQCITIZ_1(1.0),A,IT,ACQCITIZ,2,WORLD,MAT,Y_GE60,2014,488,,,,,,,,,,,
IT1:29_849_DF_DCIS_ACQCITIZ_1(1.0),A,IT,ACQCITIZ,2,WORLD,MAT,Y_GE60,2015,421,,,,,,,,,,,
IT1:29_849_DF_DCIS_ACQCITIZ_1(1.0),A,IT,ACQCITIZ,2,WORLD,MAT,Y_GE60,2016,503,,,,,,,,,,,
IT1:29_849_DF_DCIS_ACQCITIZ_1(1.0),A,IT,ACQCITIZ,2,WORLD,MAT,Y_GE60,2017,640,,,,,,,,,,,
IT1:29_849_DF_DCIS_ACQCITIZ_1(1.0),A,IT,ACQCITIZ,2,WORLD,MAT,Y_GE60,2018,764,,,,,,,,,,,
IT1:29_849_DF_DCIS_ACQCITIZ_1(1.0),A,IT,ACQCITIZ,2,WORLD,MAT,Y_GE60,2019,573,,,,,,,,,,,
IT1:29_849_DF_DCIS_ACQCITIZ_1(1.0),A,IT,ACQCITIZ,2,WORLD,MAT,Y_GE60,2020,514,,,,,,,,,,,
IT1:29_849_DF_DCIS_ACQCITIZ_1(1.0),A,IT,ACQCITIZ,2,WORLD,MAT,Y_GE60,2021,666,,,,,,,,,,,
IT1:29_849_DF_DCIS_ACQCITIZ_1(1.0),A,IT,ACQCITIZ,2,WORLD,MAT,Y_GE60,2022,986,,,,,,,,,,,
IT1:29_849_DF_DCIS_ACQCITIZ_1(1.0),A,IT,ACQCITIZ,2,WORLD,MAT,Y_GE60,2023,1388,,,,,,,,,,,
IT1:29_849_DF_DCIS_ACQCITIZ_1(1.0),A,IT,ACQCITIZ,2,WORLD,MAT,Y_UN19,2018,1,,,,,,,,,,,
IT1:29_849_DF_DCIS_ACQCITIZ_1(1.0),A,IT,ACQCITIZ,2,WORLD,MAT,Y_UN20,2021,1,,,,,,,,,,,
IT1:29_849_DF_DCIS_ACQCITIZ_1(1.0),A,IT,ACQCITIZ,2,WORLD,MAT,Y_UN20,2022,16,,,,,,,,,,,
IT1:29_849_DF_DCIS_ACQCITIZ_1(1.0),A,IT,ACQCITIZ,2,WORLD,MAT,Y20-29,2014,1768,,,,,,,,,,,
IT1:29_849_DF_DCIS_ACQCITIZ_1(1.0),A,IT,ACQCITIZ,2,WORLD,MAT,Y20-29,2015,1429,,,,,,,,,,,
IT1:29_849_DF_DCIS_ACQCITIZ_1(1.0),A,IT,ACQCITIZ,2,WORLD,MAT,Y20-29,2016,1770,,,,,,,,,,,
IT1:29_849_DF_DCIS_ACQCITIZ_1(1.0),A,IT,ACQCITIZ,2,WORLD,MAT,Y20-29,2017,2161,,,,,,,,,,,
IT1:29_849_DF_DCIS_ACQCITIZ_1(1.0),A,IT,ACQCITIZ,2,WORLD,MAT,Y20-29,2018,2011,,,,,,,,,,,
IT1:29_849_DF_DCIS_ACQCITIZ_1(1.0),A,IT,ACQCITIZ,2,WORLD,MAT,Y20-29,2019,1249,,,,,,,,,,,
IT1:29_849_DF_DCIS_ACQCITIZ_1(1.0),A,IT,ACQCITIZ,2,WORLD,MAT,Y20-29,2020,838,,,,,,,,,,,
IT1:29_849_DF_DCIS_ACQCITIZ_1(1.0),A,IT,ACQCITIZ,2,WORLD,MAT,Y20-29,2021,827,,,,,,,,,,,
IT1:29_849_DF_DCIS_ACQCITIZ_1(1.0),A,IT,ACQCITIZ,2,WORLD,MAT,Y20-29,2022,828,,,,,,,,,,,
IT1:29_849_DF_DCIS_ACQCITIZ_1(1.0),A,IT,ACQCITIZ,2,WORLD,MAT,Y20-29,2023,1257,,,,,,,,,,,
IT1:29_849_DF_DCIS_ACQCITIZ_1(1.0),A,IT,ACQCITIZ,2,WORLD,MAT,Y30-39,2014,7444,,,,,,,,,,,
IT1:29_849_DF_DCIS_ACQCITIZ_1(1.0),A,IT,ACQCITIZ,2,WORLD,MAT,Y30-39,2015,6474,,,,,,,,,,,
IT1:29_849_DF_DCIS_ACQCITIZ_1(1.0),A,IT,ACQCITIZ,2,WORLD,MAT,Y30-39,2016,7322,,,,,,,,,,,
IT1:29_849_DF_DCIS_ACQCITIZ_1(1.0),A,IT,ACQCITIZ,2,WORLD,MAT,Y30-39,2017,8026,,,,,,,,,,,
IT1:29_849_DF_DCIS_ACQCITIZ_1(1.0),A,IT,ACQCITIZ,2,WORLD,MAT,Y30-39,2018,8802,,,,,,,,,,,
IT1:29_849_DF_DCIS_ACQCITIZ_1(1.0),A,IT,ACQCITIZ,2,WORLD,MAT,Y30-39,2019,6023,,,,,,,,,,,
IT1:29_849_DF_DCIS_ACQCITIZ_1(1.0),A,IT,ACQCITIZ,2,WORLD,MAT,Y30-39,2020,4921,,,,,,,,,,,
IT1:29_849_DF_DCIS_ACQCITIZ_1(1.0),A,IT,ACQCITIZ,2,WORLD,MAT,Y30-39,2021,4402,,,,,,,,,,,
IT1:29_849_DF_DCIS_ACQCITIZ_1(1.0),A,IT,ACQCITIZ,2,WORLD,MAT,Y30-39,2022,5607,,,,,,,,,,,
IT1:29_849_DF_DCIS_ACQCITIZ_1(1.0),A,IT,ACQCITIZ,2,WORLD,MAT,Y30-39,2023,7183,,,,,,,,,,,
IT1:29_849_DF_DCIS_ACQCITIZ_1(1.0),A,IT,ACQCITIZ,2,WORLD,MAT,Y40-49,2014,5042,,,,,,,,,,,
IT1:29_849_DF_DCIS_ACQCITIZ_1(1.0),A,IT,ACQCITIZ,2,WORLD,MAT,Y40-49,2015,4290,,,,,,,,,,,
IT1:29_849_DF_DCIS_ACQCITIZ_1(1.0),A,IT,ACQCITIZ,2,WORLD,MAT,Y40-49,2016,5055,,,,,,,,,,,
IT1:29_849_DF_DCIS_ACQCITIZ_1(1.0),A,IT,ACQCITIZ,2,WORLD,MAT,Y40-49,2017,5872,,,,,,,,,,,
IT1:29_849_DF_DCIS_ACQCITIZ_1(1.0),A,IT,ACQCITIZ,2,WORLD,MAT,Y40-49,2018,6519,,,,,,,,,,,
IT1:29_849_DF_DCIS_ACQCITIZ_1(1.0),A,IT,ACQCITIZ,2,WORLD,MAT,Y40-49,2019,4644,,,,,,,,,,,
IT1:29_849_DF_DCIS_ACQCITIZ_1(1.0),A,IT,ACQCITIZ,2,WORLD,MAT,Y40-49,2020,4022,,,,,,,,,,,
IT1:29_849_DF_DCIS_ACQCITIZ_1(1.0),A,IT,ACQCITIZ,2,WORLD,MAT,Y40-49,2021,4196,,,,,,,,,,,
IT1:29_849_DF_DCIS_ACQCITIZ_1(1.0),A,IT,ACQCITIZ,2,WORLD,MAT,Y40-49,2022,5539,,,,,,,,,,,
IT1:29_849_DF_DCIS_ACQCITIZ_1(1.0),A,IT,ACQCITIZ,2,WORLD,MAT,Y40-49,2023,6740,,,,,,,,,,,
IT1:29_849_DF_DCIS_ACQCITIZ_1(1.0),A,IT,ACQCITIZ,2,WORLD,MAT,Y50-59,2014,1877,,,,,,,,,,,
IT1:29_849_DF_DCIS_ACQCITIZ_1(1.0),A,IT,ACQCITIZ,2,WORLD,MAT,Y50-59,2015,1650,,,,,,,,,,,
IT1:29_849_DF_DCIS_ACQCITIZ_1(1.0),A,IT,ACQCITIZ,2,WORLD,MAT,Y50-59,2016,1859,,,,,,,,,,,
IT1:29_849_DF_DCIS_ACQCITIZ_1(1.0),A,IT,ACQCITIZ,2,WORLD,MAT,Y50-59,2017,2344,,,,,,,,,,,
IT1:29_849_DF_DCIS_ACQCITIZ_1(1.0),A,IT,ACQCITIZ,2,WORLD,MAT,Y50-59,2018,2538,,,,,,,,,,,
IT1:29_849_DF_DCIS_ACQCITIZ_1(1.0),A,IT,ACQCITIZ,2,WORLD,MAT,Y50-59,2019,1940,,,,,,,,,,,
IT1:29_849_DF_DCIS_ACQCITIZ_1(1.0),A,IT,ACQCITIZ,2,WORLD,MAT,Y50-59,2020,1624,,,,,,,,,,,
IT1:29_849_DF_DCIS_ACQCITIZ_1(1.0),A,IT,ACQCITIZ,2,WORLD,MAT,Y50-59,2021,1916,,,,,,,,,,,
IT1:29_849_DF_DCIS_ACQCITIZ_1(1.0),A,IT,ACQCITIZ,2,WORLD,MAT,Y50-59,2022,2686,,,,,,,,,,,
IT1:29_849_DF_DCIS_ACQCITIZ_1(1.0),A,IT,ACQCITIZ,2,WORLD,MAT,Y50-59,2023,3539,,,,,,,,,,,
IT1:29_849_DF_DCIS_ACQCITIZ_1(1.0),A,IT,ACQCITIZ,2,WORLD,RS,TOTAL,2014,22264,,,,,,,,,,,
IT1:29_849_DF_DCIS_ACQCITIZ_1(1.0),A,IT,ACQCITIZ,2,WORLD,RS,TOTAL,2015,40339,,,,,,,,,,,
IT1:29_849_DF_DCIS_ACQCITIZ_1(1.0),A,IT,ACQCITIZ,2,WORLD,RS,TOTAL,2016,43176,,,,,,,,,,,
IT1:29_849_DF_DCIS_ACQCITIZ_1(1.0),A,IT,ACQCITIZ,2,WORLD,RS,TOTAL,2017,25656,,,,,,,,,,,
IT1:29_849_DF_DCIS_ACQCITIZ_1(1.0),A,IT,ACQCITIZ,2,WORLD,RS,TOTAL,2018,17332,,,,,,,,,,,
IT1:29_849_DF_DCIS_ACQCITIZ_1(1.0),A,IT,ACQCITIZ,2,WORLD,RS,TOTAL,2019,24637,,,,,,,,,,,
IT1:29_849_DF_DCIS_ACQCITIZ_1(1.0),A,IT,ACQCITIZ,2,WORLD,RS,TOTAL,2020,28675,,,,,,,,,,,
IT1:29_849_DF_DCIS_ACQCITIZ_1(1.0),A,IT,ACQCITIZ,2,WORLD,RS,TOTAL,2021,22609,,,,,,,,,,,
IT1:29_849_DF_DCIS_ACQCITIZ_1(1.0),A,IT,ACQCITIZ,2,WORLD,RS,TOTAL,2022,42878,,,,,,,,,,,
IT1:29_849_DF_DCIS_ACQCITIZ_1(1.0),A,IT,ACQCITIZ,2,WORLD,RS,TOTAL,2023,37408,,,,,,,,,,,
IT1:29_849_DF_DCIS_ACQCITIZ_1(1.0),A,IT,ACQCITIZ,2,WORLD,RS,Y_GE60,2014,1209,,,,,,,,,,,
IT1:29_849_DF_DCIS_ACQCITIZ_1(1.0),A,IT,ACQCITIZ,2,WORLD,RS,Y_GE60,2015,2622,,,,,,,,,,,
IT1:29_849_DF_DCIS_ACQCITIZ_1(1.0),A,IT,ACQCITIZ,2,WORLD,RS,Y_GE60,2016,2634,,,,,,,,,,,
IT1:29_849_DF_DCIS_ACQCITIZ_1(1.0),A,IT,ACQCITIZ,2,WORLD,RS,Y_GE60,2017,1616,,,,,,,,,,,
IT1:29_849_DF_DCIS_ACQCITIZ_1(1.0),A,IT,ACQCITIZ,2,WORLD,RS,Y_GE60,2018,1217,,,,,,,,,,,
IT1:29_849_DF_DCIS_ACQCITIZ_1(1.0),A,IT,ACQCITIZ,2,WORLD,RS,Y_GE60,2019,1907,,,,,,,,,,,
IT1:29_849_DF_DCIS_ACQCITIZ_1(1.0),A,IT,ACQCITIZ,2,WORLD,RS,Y_GE60,2020,2419,,,,,,,,,,,
IT1:29_849_DF_DCIS_ACQCITIZ_1(1.0),A,IT,ACQCITIZ,2,WORLD,RS,Y_GE60,2021,2325,,,,,,,,,,,
IT1:29_849_DF_DCIS_ACQCITIZ_1(1.0),A,IT,ACQCITIZ,2,WORLD,RS,Y_GE60,2022,4912,,,,,,,,,,,
IT1:29_849_DF_DCIS_ACQCITIZ_1(1.0),A,IT,ACQCITIZ,2,WORLD,RS,Y_GE60,2023,3950,,,,,,,,,,,
IT1:29_849_DF_DCIS_ACQCITIZ_1(1.0),A,IT,ACQCITIZ,2,WORLD,RS,Y_UN19,2015,5,,,,,,,,,,,
IT1:29_849_DF_DCIS_ACQCITIZ_1(1.0),A,IT,ACQCITIZ,2,WORLD,RS,Y_UN19,2016,33,,,,,,,,,,,
IT1:29_849_DF_DCIS_ACQCITIZ_1(1.0),A,IT,ACQCITIZ,2,WORLD,RS,Y_UN19,2017,3,,,,,,,,,,,
IT1:29_849_DF_DCIS_ACQCITIZ_1(1.0),A,IT,ACQCITIZ,2,WORLD,RS,Y_UN19,2019,1,,,,,,,,,,,
IT1:29_849_DF_DCIS_ACQCITIZ_1(1.0),A,IT,ACQCITIZ,2,WORLD,RS,Y_UN20,2021,27,,,,,,,,,,,
IT1:29_849_DF_DCIS_ACQCITIZ_1(1.0),A,IT,ACQCITIZ,2,WORLD,RS,Y_UN20,2022,56,,,,,,,,,,,
IT1:29_849_DF_DCIS_ACQCITIZ_1(1.0),A,IT,ACQCITIZ,2,WORLD,RS,Y_UN20,2023,134,,,,,,,,,,,
IT1:29_849_DF_DCIS_ACQCITIZ_1(1.0),A,IT,ACQCITIZ,2,WORLD,RS,Y20-29,2014,3619,,,,,,,,,,,
IT1:29_849_DF_DCIS_ACQCITIZ_1(1.0),A,IT,ACQCITIZ,2,WORLD,RS,Y20-29,2015,6926,,,,,,,,,,,
IT1:29_849_DF_DCIS_ACQCITIZ_1(1.0),A,IT,ACQCITIZ,2,WORLD,RS,Y20-29,2016,8464,,,,,,,,,,,
IT1:29_849_DF_DCIS_ACQCITIZ_1(1.0),A,IT,ACQCITIZ,2,WORLD,RS,Y20-29,2017,5328,,,,,,,,,,,
IT1:29_849_DF_DCIS_ACQCITIZ_1(1.0),A,IT,ACQCITIZ,2,WORLD,RS,Y20-29,2018,3464,,,,,,,,,,,
IT1:29_849_DF_DCIS_ACQCITIZ_1(1.0),A,IT,ACQCITIZ,2,WORLD,RS,Y20-29,2019,4640,,,,,,,,,,,
IT1:29_849_DF_DCIS_ACQCITIZ_1(1.0),A,IT,ACQCITIZ,2,WORLD,RS,Y20-29,2020,4687,,,,,,,,,,,
IT1:29_849_DF_DCIS_ACQCITIZ_1(1.0),A,IT,ACQCITIZ,2,WORLD,RS,Y20-29,2021,3302,,,,,,,,,,,
IT1:29_849_DF_DCIS_ACQCITIZ_1(1.0),A,IT,ACQCITIZ,2,WORLD,RS,Y20-29,2022,5660,,,,,,,,,,,
IT1:29_849_DF_DCIS_ACQCITIZ_1(1.0),A,IT,ACQCITIZ,2,WORLD,RS,Y20-29,2023,5471,,,,,,,,,,,
IT1:29_849_DF_DCIS_ACQCITIZ_1(1.0),A,IT,ACQCITIZ,2,WORLD,RS,Y30-39,2014,5996,,,,,,,,,,,
IT1:29_849_DF_DCIS_ACQCITIZ_1(1.0),A,IT,ACQCITIZ,2,WORLD,RS,Y30-39,2015,10312,,,,,,,,,,,
IT1:29_849_DF_DCIS_ACQCITIZ_1(1.0),A,IT,ACQCITIZ,2,WORLD,RS,Y30-39,2016,11520,,,,,,,,,,,
IT1:29_849_DF_DCIS_ACQCITIZ_1(1.0),A,IT,ACQCITIZ,2,WORLD,RS,Y30-39,2017,6852,,,,,,,,,,,
IT1:29_849_DF_DCIS_ACQCITIZ_1(1.0),A,IT,ACQCITIZ,2,WORLD,RS,Y30-39,2018,4763,,,,,,,,,,,
IT1:29_849_DF_DCIS_ACQCITIZ_1(1.0),A,IT,ACQCITIZ,2,WORLD,RS,Y30-39,2019,6325,,,,,,,,,,,
IT1:29_849_DF_DCIS_ACQCITIZ_1(1.0),A,IT,ACQCITIZ,2,WORLD,RS,Y30-39,2020,7431,,,,,,,,,,,
IT1:29_849_DF_DCIS_ACQCITIZ_1(1.0),A,IT,ACQCITIZ,2,WORLD,RS,Y30-39,2021,5474,,,,,,,,,,,
IT1:29_849_DF_DCIS_ACQCITIZ_1(1.0),A,IT,ACQCITIZ,2,WORLD,RS,Y30-39,2022,10175,,,,,,,,,,,
IT1:29_849_DF_DCIS_ACQCITIZ_1(1.0),A,IT,ACQCITIZ,2,WORLD,RS,Y30-39,2023,9425,,,,,,,,,,,
IT1:29_849_DF_DCIS_ACQCITIZ_1(1.0),A,IT,ACQCITIZ,2,WORLD,RS,Y40-49,2014,7701,,,,,,,,,,,
IT1:29_849_DF_DCIS_ACQCITIZ_1(1.0),A,IT,ACQCITIZ,2,WORLD,RS,Y40-49,2015,13437,,,,,,,,,,,
IT1:29_849_DF_DCIS_ACQCITIZ_1(1.0),A,IT,ACQCITIZ,2,WORLD,RS,Y40-49,2016,13344,,,,,,,,,,,
IT1:29_849_DF_DCIS_ACQCITIZ_1(1.0),A,IT,ACQCITIZ,2,WORLD,RS,Y40-49,2017,7550,,,,,,,,,,,
IT1:29_849_DF_DCIS_ACQCITIZ_1(1.0),A,IT,ACQCITIZ,2,WORLD,RS,Y40-49,2018,5061,,,,,,,,,,,
IT1:29_849_DF_DCIS_ACQCITIZ_1(1.0),A,IT,ACQCITIZ,2,WORLD,RS,Y40-49,2019,7272,,,,,,,,,,,
IT1:29_849_DF_DCIS_ACQCITIZ_1(1.0),A,IT,ACQCITIZ,2,WORLD,RS,Y40-49,2020,8618,,,,,,,,,,,
IT1:29_849_DF_DCIS_ACQCITIZ_1(1.0),A,IT,ACQCITIZ,2,WORLD,RS,Y40-49,2021,6871,,,,,,,,,,,
IT1:29_849_DF_DCIS_ACQCITIZ_1(1.0),A,IT,ACQCITIZ,2,WORLD,RS,Y40-49,2022,13038,,,,,,,,,,,
IT1:29_849_DF_DCIS_ACQCITIZ_1(1.0),A,IT,ACQCITIZ,2,WORLD,RS,Y40-49,2023,10966,,,,,,,,,,,
IT1:29_849_DF_DCIS_ACQCITIZ_1(1.0),A,IT,ACQCITIZ,2,WORLD,RS,Y50-59,2014,3739,,,,,,,,,,,
IT1:29_849_DF_DCIS_ACQCITIZ_1(1.0),A,IT,ACQCITIZ,2,WORLD,RS,Y50-59,2015,7037,,,,,,,,,,,
IT1:29_849_DF_DCIS_ACQCITIZ_1(1.0),A,IT,ACQCITIZ,2,WORLD,RS,Y50-59,2016,7181,,,,,,,,,,,
IT1:29_849_DF_DCIS_ACQCITIZ_1(1.0),A,IT,ACQCITIZ,2,WORLD,RS,Y50-59,2017,4307,,,,,,,,,,,
IT1:29_849_DF_DCIS_ACQCITIZ_1(1.0),A,IT,ACQCITIZ,2,WORLD,RS,Y50-59,2018,2827,,,,,,,,,,,
IT1:29_849_DF_DCIS_ACQCITIZ_1(1.0),A,IT,ACQCITIZ,2,WORLD,RS,Y50-59,2019,4492,,,,,,,,,,,
IT1:29_849_DF_DCIS_ACQCITIZ_1(1.0),A,IT,ACQCITIZ,2,WORLD,RS,Y50-59,2020,5520,,,,,,,,,,,
IT1:29_849_DF_DCIS_ACQCITIZ_1(1.0),A,IT,ACQCITIZ,2,WORLD,RS,Y50-59,2021,4610,,,,,,,,,,,
IT1:29_849_DF_DCIS_ACQCITIZ_1(1.0),A,IT,ACQCITIZ,2,WORLD,RS,Y50-59,2022,9037,,,,,,,,,,,
IT1:29_849_DF_DCIS_ACQCITIZ_1(1.0),A,IT,ACQCITIZ,2,WORLD,RS,Y50-59,2023,7462,,,,,,,,,,,
IT1:29_849_DF_DCIS_ACQCITIZ_1(1.0),A,IT,ACQCITIZ,2,WORLD,TRS,TOTAL,2014,24879,,,,,,,,,,,
IT1:29_849_DF_DCIS_ACQCITIZ_1(1.0),A,IT,ACQCITIZ,2,WORLD,TRS,TOTAL,2015,34209,,,,,,,,,,,
IT1:29_849_DF_DCIS_ACQCITIZ_1(1.0),A,IT,ACQCITIZ,2,WORLD,TRS,TOTAL,2016,38643,,,,,,,,,,,
IT1:29_849_DF_DCIS_ACQCITIZ_1(1.0),A,IT,ACQCITIZ,2,WORLD,TRS,TOTAL,2017,29922,,,,,,,,,,,
IT1:29_849_DF_DCIS_ACQCITIZ_1(1.0),A,IT,ACQCITIZ,2,WORLD,TRS,TOTAL,2018,23354,,,,,,,,,,,
IT1:29_849_DF_DCIS_ACQCITIZ_1(1.0),A,IT,ACQCITIZ,2,WORLD,TRS,TOTAL,2019,27824,,,,,,,,,,,
IT1:29_849_DF_DCIS_ACQCITIZ_1(1.0),A,IT,ACQCITIZ,2,WORLD,TRS,TOTAL,2020,24609,,,,,,,,,,,
IT1:29_849_DF_DCIS_ACQCITIZ_1(1.0),A,IT,ACQCITIZ,2,WORLD,TRS,TOTAL,2021,26927,,,,,,,,,,,
IT1:29_849_DF_DCIS_ACQCITIZ_1(1.0),A,IT,ACQCITIZ,2,WORLD,TRS,TOTAL,2022,47909,,,,,,,,,,,
IT1:29_849_DF_DCIS_ACQCITIZ_1(1.0),A,IT,ACQCITIZ,2,WORLD,TRS,TOTAL,2023,49603,,,,,,,,,,,
IT1:29_849_DF_DCIS_ACQCITIZ_1(1.0),A,IT,ACQCITIZ,2,WORLD,TRS,Y_GE60,2017,149,,,,,,,,,,,
IT1:29_849_DF_DCIS_ACQCITIZ_1(1.0),A,IT,ACQCITIZ,2,WORLD,TRS,Y_GE60,2018,154,,,,,,,,,,,
IT1:29_849_DF_DCIS_ACQCITIZ_1(1.0),A,IT,ACQCITIZ,2,WORLD,TRS,Y_GE60,2019,295,,,,,,,,,,,
IT1:29_849_DF_DCIS_ACQCITIZ_1(1.0),A,IT,ACQCITIZ,2,WORLD,TRS,Y_GE60,2020,170,,,,,,,,,,,
IT1:29_849_DF_DCIS_ACQCITIZ_1(1.0),A,IT,ACQCITIZ,2,WORLD,TRS,Y_GE60,2021,144,,,,,,,,,,,
IT1:29_849_DF_DCIS_ACQCITIZ_1(1.0),A,IT,ACQCITIZ,2,WORLD,TRS,Y_GE60,2022,620,,,,,,,,,,,
IT1:29_849_DF_DCIS_ACQCITIZ_1(1.0),A,IT,ACQCITIZ,2,WORLD,TRS,Y_GE60,2023,852,,,,,,,,,,,
IT1:29_849_DF_DCIS_ACQCITIZ_1(1.0),A,IT,ACQCITIZ,2,WORLD,TRS,Y_UN19,2014,24879,,,,,,,,,,,
IT1:29_849_DF_DCIS_ACQCITIZ_1(1.0),A,IT,ACQCITIZ,2,WORLD,TRS,Y_UN19,2015,34209,,,,,,,,,,,
IT1:29_849_DF_DCIS_ACQCITIZ_1(1.0),A,IT,ACQCITIZ,2,WORLD,TRS,Y_UN19,2016,38643,,,,,,,,,,,
IT1:29_849_DF_DCIS_ACQCITIZ_1(1.0),A,IT,ACQCITIZ,2,WORLD,TRS,Y_UN19,2017,26201,,,,,,,,,,,
IT1:29_849_DF_DCIS_ACQCITIZ_1(1.0),A,IT,ACQCITIZ,2,WORLD,TRS,Y_UN19,2018,19236,,,,,,,,,,,
IT1:29_849_DF_DCIS_ACQCITIZ_1(1.0),A,IT,ACQCITIZ,2,WORLD,TRS,Y_UN19,2019,22226,,,,,,,,,,,
IT1:29_849_DF_DCIS_ACQCITIZ_1(1.0),A,IT,ACQCITIZ,2,WORLD,TRS,Y_UN20,2020,20895,,,,,,,,,,,
IT1:29_849_DF_DCIS_ACQCITIZ_1(1.0),A,IT,ACQCITIZ,2,WORLD,TRS,Y_UN20,2021,23384,,,,,,,,,,,
IT1:29_849_DF_DCIS_ACQCITIZ_1(1.0),A,IT,ACQCITIZ,2,WORLD,TRS,Y_UN20,2022,38174,,,,,,,,,,,
IT1:29_849_DF_DCIS_ACQCITIZ_1(1.0),A,IT,ACQCITIZ,2,WORLD,TRS,Y_UN20,2023,37275,,,,,,,,,,,
IT1:29_849_DF_DCIS_ACQCITIZ_1(1.0),A,IT,ACQCITIZ,2,WORLD,TRS,Y20-29,2017,1367,,,,,,,,,,,
IT1:29_849_DF_DCIS_ACQCITIZ_1(1.0),A,IT,ACQCITIZ,2,WORLD,TRS,Y20-29,2018,1643,,,,,,,,,,,
IT1:29_849_DF_DCIS_ACQCITIZ_1(1.0),A,IT,ACQCITIZ,2,WORLD,TRS,Y20-29,2019,2222,,,,,,,,,,,
IT1:29_849_DF_DCIS_ACQCITIZ_1(1.0),A,IT,ACQCITIZ,2,WORLD,TRS,Y20-29,2020,1435,,,,,,,,,,,
IT1:29_849_DF_DCIS_ACQCITIZ_1(1.0),A,IT,ACQCITIZ,2,WORLD,TRS,Y20-29,2021,1434,,,,,,,,,,,
IT1:29_849_DF_DCIS_ACQCITIZ_1(1.0),A,IT,ACQCITIZ,2,WORLD,TRS,Y20-29,2022,3392,,,,,,,,,,,
IT1:29_849_DF_DCIS_ACQCITIZ_1(1.0),A,IT,ACQCITIZ,2,WORLD,TRS,Y20-29,2023,4686,,,,,,,,,,,
IT1:29_849_DF_DCIS_ACQCITIZ_1(1.0),A,IT,ACQCITIZ,2,WORLD,TRS,Y30-39,2017,1389,,,,,,,,,,,
IT1:29_849_DF_DCIS_ACQCITIZ_1(1.0),A,IT,ACQCITIZ,2,WORLD,TRS,Y30-39,2018,1467,,,,,,,,,,,
IT1:29_849_DF_DCIS_ACQCITIZ_1(1.0),A,IT,ACQCITIZ,2,WORLD,TRS,Y30-39,2019,1956,,,,,,,,,,,
IT1:29_849_DF_DCIS_ACQCITIZ_1(1.0),A,IT,ACQCITIZ,2,WORLD,TRS,Y30-39,2020,1349,,,,,,,,,,,
IT1:29_849_DF_DCIS_ACQCITIZ_1(1.0),A,IT,ACQCITIZ,2,WORLD,TRS,Y30-39,2021,1294,,,,,,,,,,,
IT1:29_849_DF_DCIS_ACQCITIZ_1(1.0),A,IT,ACQCITIZ,2,WORLD,TRS,Y30-39,2022,3534,,,,,,,,,,,
IT1:29_849_DF_DCIS_ACQCITIZ_1(1.0),A,IT,ACQCITIZ,2,WORLD,TRS,Y30-39,2023,4221,,,,,,,,,,,
IT1:29_849_DF_DCIS_ACQCITIZ_1(1.0),A,IT,ACQCITIZ,2,WORLD,TRS,Y40-49,2017,521,,,,,,,,,,,
IT1:29_849_DF_DCIS_ACQCITIZ_1(1.0),A,IT,ACQCITIZ,2,WORLD,TRS,Y40-49,2018,573,,,,,,,,,,,
IT1:29_849_DF_DCIS_ACQCITIZ_1(1.0),A,IT,ACQCITIZ,2,WORLD,TRS,Y40-49,2019,723,,,,,,,,,,,
IT1:29_849_DF_DCIS_ACQCITIZ_1(1.0),A,IT,ACQCITIZ,2,WORLD,TRS,Y40-49,2020,498,,,,,,,,,,,
IT1:29_849_DF_DCIS_ACQCITIZ_1(1.0),A,IT,ACQCITIZ,2,WORLD,TRS,Y40-49,2021,449,,,,,,,,,,,
IT1:29_849_DF_DCIS_ACQCITIZ_1(1.0),A,IT,ACQCITIZ,2,WORLD,TRS,Y40-49,2022,1393,,,,,,,,,,,
IT1:29_849_DF_DCIS_ACQCITIZ_1(1.0),A,IT,ACQCITIZ,2,WORLD,TRS,Y40-49,2023,1611,,,,,,,,,,,
IT1:29_849_DF_DCIS_ACQCITIZ_1(1.0),A,IT,ACQCITIZ,2,WORLD,TRS,Y50-59,2017,295,,,,,,,,,,,
IT1:29_849_DF_DCIS_ACQCITIZ_1(1.0),A,IT,ACQCITIZ,2,WORLD,TRS,Y50-59,2018,281,,,,,,,,,,,
IT1:29_849_DF_DCIS_ACQCITIZ_1(1.0),A,IT,ACQCITIZ,2,WORLD,TRS,Y50-59,2019,402,,,,,,,,,,,
IT1:29_849_DF_DCIS_ACQCITIZ_1(1.0),A,IT,ACQCITIZ,2,WORLD,TRS,Y50-59,2020,262,,,,,,,,,,,
IT1:29_849_DF_DCIS_ACQCITIZ_1(1.0),A,IT,ACQCITIZ,2,WORLD,TRS,Y50-59,2021,222,,,,,,,,,,,
IT1:29_849_DF_DCIS_ACQCITIZ_1(1.0),A,IT,ACQCITIZ,2,WORLD,TRS,Y50-59,2022,796,,,,,,,,,,,
IT1:29_849_DF_DCIS_ACQCITIZ_1(1.0),A,IT,ACQCITIZ,2,WORLD,TRS,Y50-59,2023,958,,,,,,,,,,,
IT1:29_849_DF_DCIS_ACQCITIZ_1(1.0),A,IT,ACQCITIZ,9,WORLD,ALL,TOTAL,2014,129887,,,,,,,,,,,
IT1:29_849_DF_DCIS_ACQCITIZ_1(1.0),A,IT,ACQCITIZ,9,WORLD,ALL,TOTAL,2015,178035,,,,,,,,,,,
IT1:29_849_DF_DCIS_ACQCITIZ_1(1.0),A,IT,ACQCITIZ,9,WORLD,ALL,TOTAL,2016,201591,,,,,,,,,,,
IT1:29_849_DF_DCIS_ACQCITIZ_1(1.0),A,IT,ACQCITIZ,9,WORLD,ALL,TOTAL,2017,146605,,,,,,,,,,,
IT1:29_849_DF_DCIS_ACQCITIZ_1(1.0),A,IT,ACQCITIZ,9,WORLD,ALL,TOTAL,2018,112523,,,,,,,,,,,
IT1:29_849_DF_DCIS_ACQCITIZ_1(1.0),A,IT,ACQCITIZ,9,WORLD,ALL,TOTAL,2019,127001,,,,,,,,,,,
IT1:29_849_DF_DCIS_ACQCITIZ_1(1.0),A,IT,ACQCITIZ,9,WORLD,ALL,TOTAL,2020,131803,,,,,,,,,,,
IT1:29_849_DF_DCIS_ACQCITIZ_1(1.0),A,IT,ACQCITIZ,9,WORLD,ALL,TOTAL,2021,121457,,,,,,,,,,,
IT1:29_849_DF_DCIS_ACQCITIZ_1(1.0),A,IT,ACQCITIZ,9,WORLD,ALL,TOTAL,2022,213716,,,,,,,,,,,
IT1:29_849_DF_DCIS_ACQCITIZ_1(1.0),A,IT,ACQCITIZ,9,WORLD,ALL,TOTAL,2023,213567,,,,,,,,,,,
IT1:29_849_DF_DCIS_ACQCITIZ_1(1.0),A,IT,ACQCITIZ,9,WORLD,ALL,Y_GE60,2014,3595,,,,,,,,,,,
IT1:29_849_DF_DCIS_ACQCITIZ_1(1.0),A,IT,ACQCITIZ,9,WORLD,ALL,Y_GE60,2015,5673,,,,,,,,,,,
IT1:29_849_DF_DCIS_ACQCITIZ_1(1.0),A,IT,ACQCITIZ,9,WORLD,ALL,Y_GE60,2016,5386,,,,,,,,,,,
IT1:29_849_DF_DCIS_ACQCITIZ_1(1.0),A,IT,ACQCITIZ,9,WORLD,ALL,Y_GE60,2017,4231,,,,,,,,,,,
IT1:29_849_DF_DCIS_ACQCITIZ_1(1.0),A,IT,ACQCITIZ,9,WORLD,ALL,Y_GE60,2018,3695,,,,,,,,,,,
IT1:29_849_DF_DCIS_ACQCITIZ_1(1.0),A,IT,ACQCITIZ,9,WORLD,ALL,Y_GE60,2019,5015,,,,,,,,,,,
IT1:29_849_DF_DCIS_ACQCITIZ_1(1.0),A,IT,ACQCITIZ,9,WORLD,ALL,Y_GE60,2020,6073,,,,,,,,,,,
IT1:29_849_DF_DCIS_ACQCITIZ_1(1.0),A,IT,ACQCITIZ,9,WORLD,ALL,Y_GE60,2021,5855,,,,,,,,,,,
IT1:29_849_DF_DCIS_ACQCITIZ_1(1.0),A,IT,ACQCITIZ,9,WORLD,ALL,Y_GE60,2022,11856,,,,,,,,,,,
IT1:29_849_DF_DCIS_ACQCITIZ_1(1.0),A,IT,ACQCITIZ,9,WORLD,ALL,Y_GE60,2023,10385,,,,,,,,,,,
IT1:29_849_DF_DCIS_ACQCITIZ_1(1.0),A,IT,ACQCITIZ,9,WORLD,ALL,Y_UN19,2014,51822,,,,,,,,,,,
IT1:29_849_DF_DCIS_ACQCITIZ_1(1.0),A,IT,ACQCITIZ,9,WORLD,ALL,Y_UN19,2015,70764,,,,,,,,,,,
IT1:29_849_DF_DCIS_ACQCITIZ_1(1.0),A,IT,ACQCITIZ,9,WORLD,ALL,Y_UN19,2016,80520,,,,,,,,,,,
IT1:29_849_DF_DCIS_ACQCITIZ_1(1.0),A,IT,ACQCITIZ,9,WORLD,ALL,Y_UN19,2017,54040,,,,,,,,,,,
IT1:29_849_DF_DCIS_ACQCITIZ_1(1.0),A,IT,ACQCITIZ,9,WORLD,ALL,Y_UN19,2018,39945,,,,,,,,,,,
IT1:29_849_DF_DCIS_ACQCITIZ_1(1.0),A,IT,ACQCITIZ,9,WORLD,ALL,Y_UN19,2019,45741,,,,,,,,,,,
IT1:29_849_DF_DCIS_ACQCITIZ_1(1.0),A,IT,ACQCITIZ,9,WORLD,ALL,Y_UN20,2020,43916,,,,,,,,,,,
IT1:29_849_DF_DCIS_ACQCITIZ_1(1.0),A,IT,ACQCITIZ,9,WORLD,ALL,Y_UN20,2021,48324,,,,,,,,,,,
IT1:29_849_DF_DCIS_ACQCITIZ_1(1.0),A,IT,ACQCITIZ,9,WORLD,ALL,Y_UN20,2022,78639,,,,,,,,,,,
IT1:29_849_DF_DCIS_ACQCITIZ_1(1.0),A,IT,ACQCITIZ,9,WORLD,ALL,Y_UN20,2023,78078,,,,,,,,,,,
IT1:29_849_DF_DCIS_ACQCITIZ_1(1.0),A,IT,ACQCITIZ,9,WORLD,ALL,Y20-29,2014,9933,,,,,,,,,,,
IT1:29_849_DF_DCIS_ACQCITIZ_1(1.0),A,IT,ACQCITIZ,9,WORLD,ALL,Y20-29,2015,16316,,,,,,,,,,,
IT1:29_849_DF_DCIS_ACQCITIZ_1(1.0),A,IT,ACQCITIZ,9,WORLD,ALL,Y20-29,2016,20540,,,,,,,,,,,
IT1:29_849_DF_DCIS_ACQCITIZ_1(1.0),A,IT,ACQCITIZ,9,WORLD,ALL,Y20-29,2017,17345,,,,,,,,,,,
IT1:29_849_DF_DCIS_ACQCITIZ_1(1.0),A,IT,ACQCITIZ,9,WORLD,ALL,Y20-29,2018,13538,,,,,,,,,,,
IT1:29_849_DF_DCIS_ACQCITIZ_1(1.0),A,IT,ACQCITIZ,9,WORLD,ALL,Y20-29,2019,15767,,,,,,,,,,,
IT1:29_849_DF_DCIS_ACQCITIZ_1(1.0),A,IT,ACQCITIZ,9,WORLD,ALL,Y20-29,2020,13813,,,,,,,,,,,
IT1:29_849_DF_DCIS_ACQCITIZ_1(1.0),A,IT,ACQCITIZ,9,WORLD,ALL,Y20-29,2021,11142,,,,,,,,,,,
IT1:29_849_DF_DCIS_ACQCITIZ_1(1.0),A,IT,ACQCITIZ,9,WORLD,ALL,Y20-29,2022,20309,,,,,,,,,,,
IT1:29_849_DF_DCIS_ACQCITIZ_1(1.0),A,IT,ACQCITIZ,9,WORLD,ALL,Y20-29,2023,23363,,,,,,,,,,,
IT1:29_849_DF_DCIS_ACQCITIZ_1(1.0),A,IT,ACQCITIZ,9,WORLD,ALL,Y30-39,2014,22146,,,,,,,,,,,
IT1:29_849_DF_DCIS_ACQCITIZ_1(1.0),A,IT,ACQCITIZ,9,WORLD,ALL,Y30-39,2015,29171,,,,,,,,,,,
IT1:29_849_DF_DCIS_ACQCITIZ_1(1.0),A,IT,ACQCITIZ,9,WORLD,ALL,Y30-39,2016,35918,,,,,,,,,,,
IT1:29_849_DF_DCIS_ACQCITIZ_1(1.0),A,IT,ACQCITIZ,9,WORLD,ALL,Y30-39,2017,28601,,,,,,,,,,,
IT1:29_849_DF_DCIS_ACQCITIZ_1(1.0),A,IT,ACQCITIZ,9,WORLD,ALL,Y30-39,2018,23826,,,,,,,,,,,
IT1:29_849_DF_DCIS_ACQCITIZ_1(1.0),A,IT,ACQCITIZ,9,WORLD,ALL,Y30-39,2019,24162,,,,,,,,,,,
IT1:29_849_DF_DCIS_ACQCITIZ_1(1.0),A,IT,ACQCITIZ,9,WORLD,ALL,Y30-39,2020,24700,,,,,,,,,,,
IT1:29_849_DF_DCIS_ACQCITIZ_1(1.0),A,IT,ACQCITIZ,9,WORLD,ALL,Y30-39,2021,19810,,,,,,,,,,,
IT1:29_849_DF_DCIS_ACQCITIZ_1(1.0),A,IT,ACQCITIZ,9,WORLD,ALL,Y30-39,2022,36705,,,,,,,,,,,
IT1:29_849_DF_DCIS_ACQCITIZ_1(1.0),A,IT,ACQCITIZ,9,WORLD,ALL,Y30-39,2023,39780,,,,,,,,,,,
IT1:29_849_DF_DCIS_ACQCITIZ_1(1.0),A,IT,ACQCITIZ,9,WORLD,ALL,Y40-49,2014,28499,,,,,,,,,,,
IT1:29_849_DF_DCIS_ACQCITIZ_1(1.0),A,IT,ACQCITIZ,9,WORLD,ALL,Y40-49,2015,37111,,,,,,,,,,,
IT1:29_849_DF_DCIS_ACQCITIZ_1(1.0),A,IT,ACQCITIZ,9,WORLD,ALL,Y40-49,2016,40568,,,,,,,,,,,
IT1:29_849_DF_DCIS_ACQCITIZ_1(1.0),A,IT,ACQCITIZ,9,WORLD,ALL,Y40-49,2017,28923,,,,,,,,,,,
IT1:29_849_DF_DCIS_ACQCITIZ_1(1.0),A,IT,ACQCITIZ,9,WORLD,ALL,Y40-49,2018,21295,,,,,,,,,,,
IT1:29_849_DF_DCIS_ACQCITIZ_1(1.0),A,IT,ACQCITIZ,9,WORLD,ALL,Y40-49,2019,23505,,,,,,,,,,,
IT1:29_849_DF_DCIS_ACQCITIZ_1(1.0),A,IT,ACQCITIZ,9,WORLD,ALL,Y40-49,2020,27871,,,,,,,,,,,
IT1:29_849_DF_DCIS_ACQCITIZ_1(1.0),A,IT,ACQCITIZ,9,WORLD,ALL,Y40-49,2021,22842,,,,,,,,,,,
IT1:29_849_DF_DCIS_ACQCITIZ_1(1.0),A,IT,ACQCITIZ,9,WORLD,ALL,Y40-49,2022,41044,,,,,,,,,,,
IT1:29_849_DF_DCIS_ACQCITIZ_1(1.0),A,IT,ACQCITIZ,9,WORLD,ALL,Y40-49,2023,39553,,,,,,,,,,,
IT1:29_849_DF_DCIS_ACQCITIZ_1(1.0),A,IT,ACQCITIZ,9,WORLD,ALL,Y50-59,2014,13892,,,,,,,,,,,
IT1:29_849_DF_DCIS_ACQCITIZ_1(1.0),A,IT,ACQCITIZ,9,WORLD,ALL,Y50-59,2015,19000,,,,,,,,,,,
IT1:29_849_DF_DCIS_ACQCITIZ_1(1.0),A,IT,ACQCITIZ,9,WORLD,ALL,Y50-59,2016,18659,,,,,,,,,,,
IT1:29_849_DF_DCIS_ACQCITIZ_1(1.0),A,IT,ACQCITIZ,9,WORLD,ALL,Y50-59,2017,13465,,,,,,,,,,,
IT1:29_849_DF_DCIS_ACQCITIZ_1(1.0),A,IT,ACQCITIZ,9,WORLD,ALL,Y50-59,2018,10224,,,,,,,,,,,
IT1:29_849_DF_DCIS_ACQCITIZ_1(1.0),A,IT,ACQCITIZ,9,WORLD,ALL,Y50-59,2019,12811,,,,,,,,,,,
IT1:29_849_DF_DCIS_ACQCITIZ_1(1.0),A,IT,ACQCITIZ,9,WORLD,ALL,Y50-59,2020,15430,,,,,,,,,,,
IT1:29_849_DF_DCIS_ACQCITIZ_1(1.0),A,IT,ACQCITIZ,9,WORLD,ALL,Y50-59,2021,13484,,,,,,,,,,,
IT1:29_849_DF_DCIS_ACQCITIZ_1(1.0),A,IT,ACQCITIZ,9,WORLD,ALL,Y50-59,2022,25163,,,,,,,,,,,
IT1:29_849_DF_DCIS_ACQCITIZ_1(1.0),A,IT,ACQCITIZ,9,WORLD,ALL,Y50-59,2023,22408,,,,,,,,,,,
IT1:29_849_DF_DCIS_ACQCITIZ_1(1.0),A,IT,ACQCITIZ,9,WORLD,MAT,TOTAL,2014,19652,,,,,,,,,,,
IT1:29_849_DF_DCIS_ACQCITIZ_1(1.0),A,IT,ACQCITIZ,9,WORLD,MAT,TOTAL,2015,16687,,,,,,,,,,,
IT1:29_849_DF_DCIS_ACQCITIZ_1(1.0),A,IT,ACQCITIZ,9,WORLD,MAT,TOTAL,2016,19273,,,,,,,,,,,
IT1:29_849_DF_DCIS_ACQCITIZ_1(1.0),A,IT,ACQCITIZ,9,WORLD,MAT,TOTAL,2017,22255,,,,,,,,,,,
IT1:29_849_DF_DCIS_ACQCITIZ_1(1.0),A,IT,ACQCITIZ,9,WORLD,MAT,TOTAL,2018,24160,,,,,,,,,,,
IT1:29_849_DF_DCIS_ACQCITIZ_1(1.0),A,IT,ACQCITIZ,9,WORLD,MAT,TOTAL,2019,17026,,,,,,,,,,,
IT1:29_849_DF_DCIS_ACQCITIZ_1(1.0),A,IT,ACQCITIZ,9,WORLD,MAT,TOTAL,2020,14044,,,,,,,,,,,
IT1:29_849_DF_DCIS_ACQCITIZ_1(1.0),A,IT,ACQCITIZ,9,WORLD,MAT,TOTAL,2021,14587,,,,,,,,,,,
IT1:29_849_DF_DCIS_ACQCITIZ_1(1.0),A,IT,ACQCITIZ,9,WORLD,MAT,TOTAL,2022,18799,,,,,,,,,,,
IT1:29_849_DF_DCIS_ACQCITIZ_1(1.0),A,IT,ACQCITIZ,9,WORLD,MAT,TOTAL,2023,24798,,,,,,,,,,,
IT1:29_849_DF_DCIS_ACQCITIZ_1(1.0),A,IT,ACQCITIZ,9,WORLD,MAT,Y_GE60,2014,586,,,,,,,,,,,
IT1:29_849_DF_DCIS_ACQCITIZ_1(1.0),A,IT,ACQCITIZ,9,WORLD,MAT,Y_GE60,2015,507,,,,,,,,,,,
IT1:29_849_DF_DCIS_ACQCITIZ_1(1.0),A,IT,ACQCITIZ,9,WORLD,MAT,Y_GE60,2016,581,,,,,,,,,,,
IT1:29_849_DF_DCIS_ACQCITIZ_1(1.0),A,IT,ACQCITIZ,9,WORLD,MAT,Y_GE60,2017,765,,,,,,,,,,,
IT1:29_849_DF_DCIS_ACQCITIZ_1(1.0),A,IT,ACQCITIZ,9,WORLD,MAT,Y_GE60,2018,949,,,,,,,,,,,
IT1:29_849_DF_DCIS_ACQCITIZ_1(1.0),A,IT,ACQCITIZ,9,WORLD,MAT,Y_GE60,2019,746,,,,,,,,,,,
IT1:29_849_DF_DCIS_ACQCITIZ_1(1.0),A,IT,ACQCITIZ,9,WORLD,MAT,Y_GE60,2020,666,,,,,,,,,,,
IT1:29_849_DF_DCIS_ACQCITIZ_1(1.0),A,IT,ACQCITIZ,9,WORLD,MAT,Y_GE60,2021,901,,,,,,,,,,,
IT1:29_849_DF_DCIS_ACQCITIZ_1(1.0),A,IT,ACQCITIZ,9,WORLD,MAT,Y_GE60,2022,1266,,,,,,,,,,,
IT1:29_849_DF_DCIS_ACQCITIZ_1(1.0),A,IT,ACQCITIZ,9,WORLD,MAT,Y_GE60,2023,1775,,,,,,,,,,,
IT1:29_849_DF_DCIS_ACQCITIZ_1(1.0),A,IT,ACQCITIZ,9,WORLD,MAT,Y_UN19,2018,1,,,,,,,,,,,
IT1:29_849_DF_DCIS_ACQCITIZ_1(1.0),A,IT,ACQCITIZ,9,WORLD,MAT,Y_UN20,2021,1,,,,,,,,,,,
IT1:29_849_DF_DCIS_ACQCITIZ_1(1.0),A,IT,ACQCITIZ,9,WORLD,MAT,Y_UN20,2022,18,,,,,,,,,,,
IT1:29_849_DF_DCIS_ACQCITIZ_1(1.0),A,IT,ACQCITIZ,9,WORLD,MAT,Y_UN20,2023,7,,,,,,,,,,,
IT1:29_849_DF_DCIS_ACQCITIZ_1(1.0),A,IT,ACQCITIZ,9,WORLD,MAT,Y20-29,2014,2098,,,,,,,,,,,
IT1:29_849_DF_DCIS_ACQCITIZ_1(1.0),A,IT,ACQCITIZ,9,WORLD,MAT,Y20-29,2015,1692,,,,,,,,,,,
IT1:29_849_DF_DCIS_ACQCITIZ_1(1.0),A,IT,ACQCITIZ,9,WORLD,MAT,Y20-29,2016,2126,,,,,,,,,,,
IT1:29_849_DF_DCIS_ACQCITIZ_1(1.0),A,IT,ACQCITIZ,9,WORLD,MAT,Y20-29,2017,2553,,,,,,,,,,,
IT1:29_849_DF_DCIS_ACQCITIZ_1(1.0),A,IT,ACQCITIZ,9,WORLD,MAT,Y20-29,2018,2378,,,,,,,,,,,
IT1:29_849_DF_DCIS_ACQCITIZ_1(1.0),A,IT,ACQCITIZ,9,WORLD,MAT,Y20-29,2019,1489,,,,,,,,,,,
IT1:29_849_DF_DCIS_ACQCITIZ_1(1.0),A,IT,ACQCITIZ,9,WORLD,MAT,Y20-29,2020,963,,,,,,,,,,,
IT1:29_849_DF_DCIS_ACQCITIZ_1(1.0),A,IT,ACQCITIZ,9,WORLD,MAT,Y20-29,2021,1029,,,,,,,,,,,
IT1:29_849_DF_DCIS_ACQCITIZ_1(1.0),A,IT,ACQCITIZ,9,WORLD,MAT,Y20-29,2022,979,,,,,,,,,,,
IT1:29_849_DF_DCIS_ACQCITIZ_1(1.0),A,IT,ACQCITIZ,9,WORLD,MAT,Y20-29,2023,1611,,,,,,,,,,,
IT1:29_849_DF_DCIS_ACQCITIZ_1(1.0),A,IT,ACQCITIZ,9,WORLD,MAT,Y30-39,2014,8790,,,,,,,,,,,
IT1:29_849_DF_DCIS_ACQCITIZ_1(1.0),A,IT,ACQCITIZ,9,WORLD,MAT,Y30-39,2015,7676,,,,,,,,,,,
IT1:29_849_DF_DCIS_ACQCITIZ_1(1.0),A,IT,ACQCITIZ,9,WORLD,MAT,Y30-39,2016,8650,,,,,,,,,,,
IT1:29_849_DF_DCIS_ACQCITIZ_1(1.0),A,IT,ACQCITIZ,9,WORLD,MAT,Y30-39,2017,9390,,,,,,,,,,,
IT1:29_849_DF_DCIS_ACQCITIZ_1(1.0),A,IT,ACQCITIZ,9,WORLD,MAT,Y30-39,2018,10327,,,,,,,,,,,
IT1:29_849_DF_DCIS_ACQCITIZ_1(1.0),A,IT,ACQCITIZ,9,WORLD,MAT,Y30-39,2019,7047,,,,,,,,,,,
IT1:29_849_DF_DCIS_ACQCITIZ_1(1.0),A,IT,ACQCITIZ,9,WORLD,MAT,Y30-39,2020,5772,,,,,,,,,,,
IT1:29_849_DF_DCIS_ACQCITIZ_1(1.0),A,IT,ACQCITIZ,9,WORLD,MAT,Y30-39,2021,5314,,,,,,,,,,,
IT1:29_849_DF_DCIS_ACQCITIZ_1(1.0),A,IT,ACQCITIZ,9,WORLD,MAT,Y30-39,2022,6726,,,,,,,,,,,
IT1:29_849_DF_DCIS_ACQCITIZ_1(1.0),A,IT,ACQCITIZ,9,WORLD,MAT,Y30-39,2023,8905,,,,,,,,,,,
IT1:29_849_DF_DCIS_ACQCITIZ_1(1.0),A,IT,ACQCITIZ,9,WORLD,MAT,Y40-49,2014,5957,,,,,,,,,,,
IT1:29_849_DF_DCIS_ACQCITIZ_1(1.0),A,IT,ACQCITIZ,9,WORLD,MAT,Y40-49,2015,4939,,,,,,,,,,,
IT1:29_849_DF_DCIS_ACQCITIZ_1(1.0),A,IT,ACQCITIZ,9,WORLD,MAT,Y40-49,2016,5793,,,,,,,,,,,
IT1:29_849_DF_DCIS_ACQCITIZ_1(1.0),A,IT,ACQCITIZ,9,WORLD,MAT,Y40-49,2017,6834,,,,,,,,,,,
IT1:29_849_DF_DCIS_ACQCITIZ_1(1.0),A,IT,ACQCITIZ,9,WORLD,MAT,Y40-49,2018,7545,,,,,,,,,,,
IT1:29_849_DF_DCIS_ACQCITIZ_1(1.0),A,IT,ACQCITIZ,9,WORLD,MAT,Y40-49,2019,5432,,,,,,,,,,,
IT1:29_849_DF_DCIS_ACQCITIZ_1(1.0),A,IT,ACQCITIZ,9,WORLD,MAT,Y40-49,2020,4674,,,,,,,,,,,
IT1:29_849_DF_DCIS_ACQCITIZ_1(1.0),A,IT,ACQCITIZ,9,WORLD,MAT,Y40-49,2021,4977,,,,,,,,,,,
IT1:29_849_DF_DCIS_ACQCITIZ_1(1.0),A,IT,ACQCITIZ,9,WORLD,MAT,Y40-49,2022,6577,,,,,,,,,,,
IT1:29_849_DF_DCIS_ACQCITIZ_1(1.0),A,IT,ACQCITIZ,9,WORLD,MAT,Y40-49,2023,8188,,,,,,,,,,,
IT1:29_849_DF_DCIS_ACQCITIZ_1(1.0),A,IT,ACQCITIZ,9,WORLD,MAT,Y50-59,2014,2221,,,,,,,,,,,
IT1:29_849_DF_DCIS_ACQCITIZ_1(1.0),A,IT,ACQCITIZ,9,WORLD,MAT,Y50-59,2015,1873,,,,,,,,,,,
IT1:29_849_DF_DCIS_ACQCITIZ_1(1.0),A,IT,ACQCITIZ,9,WORLD,MAT,Y50-59,2016,2123,,,,,,,,,,,
IT1:29_849_DF_DCIS_ACQCITIZ_1(1.0),A,IT,ACQCITIZ,9,WORLD,MAT,Y50-59,2017,2713,,,,,,,,,,,
IT1:29_849_DF_DCIS_ACQCITIZ_1(1.0),A,IT,ACQCITIZ,9,WORLD,MAT,Y50-59,2018,2960,,,,,,,,,,,
IT1:29_849_DF_DCIS_ACQCITIZ_1(1.0),A,IT,ACQCITIZ,9,WORLD,MAT,Y50-59,2019,2312,,,,,,,,,,,
IT1:29_849_DF_DCIS_ACQCITIZ_1(1.0),A,IT,ACQCITIZ,9,WORLD,MAT,Y50-59,2020,1969,,,,,,,,,,,
IT1:29_849_DF_DCIS_ACQCITIZ_1(1.0),A,IT,ACQCITIZ,9,WORLD,MAT,Y50-59,2021,2365,,,,,,,,,,,
IT1:29_849_DF_DCIS_ACQCITIZ_1(1.0),A,IT,ACQCITIZ,9,WORLD,MAT,Y50-59,2022,3233,,,,,,,,,,,
IT1:29_849_DF_DCIS_ACQCITIZ_1(1.0),A,IT,ACQCITIZ,9,WORLD,MAT,Y50-59,2023,4312,,,,,,,,,,,
IT1:29_849_DF_DCIS_ACQCITIZ_1(1.0),A,IT,ACQCITIZ,9,WORLD,RS,TOTAL,2014,58416,,,,,,,,,,,
IT1:29_849_DF_DCIS_ACQCITIZ_1(1.0),A,IT,ACQCITIZ,9,WORLD,RS,TOTAL,2015,90591,,,,,,,,,,,
IT1:29_849_DF_DCIS_ACQCITIZ_1(1.0),A,IT,ACQCITIZ,9,WORLD,RS,TOTAL,2016,101862,,,,,,,,,,,
IT1:29_849_DF_DCIS_ACQCITIZ_1(1.0),A,IT,ACQCITIZ,9,WORLD,RS,TOTAL,2017,62261,,,,,,,,,,,
IT1:29_849_DF_DCIS_ACQCITIZ_1(1.0),A,IT,ACQCITIZ,9,WORLD,RS,TOTAL,2018,39453,,,,,,,,,,,
IT1:29_849_DF_DCIS_ACQCITIZ_1(1.0),A,IT,ACQCITIZ,9,WORLD,RS,TOTAL,2019,52877,,,,,,,,,,,
IT1:29_849_DF_DCIS_ACQCITIZ_1(1.0),A,IT,ACQCITIZ,9,WORLD,RS,TOTAL,2020,66211,,,,,,,,,,,
IT1:29_849_DF_DCIS_ACQCITIZ_1(1.0),A,IT,ACQCITIZ,9,WORLD,RS,TOTAL,2021,50973,,,,,,,,,,,
IT1:29_849_DF_DCIS_ACQCITIZ_1(1.0),A,IT,ACQCITIZ,9,WORLD,RS,TOTAL,2022,96471,,,,,,,,,,,
IT1:29_849_DF_DCIS_ACQCITIZ_1(1.0),A,IT,ACQCITIZ,9,WORLD,RS,TOTAL,2023,85277,,,,,,,,,,,
IT1:29_849_DF_DCIS_ACQCITIZ_1(1.0),A,IT,ACQCITIZ,9,WORLD,RS,Y_GE60,2014,3009,,,,,,,,,,,
IT1:29_849_DF_DCIS_ACQCITIZ_1(1.0),A,IT,ACQCITIZ,9,WORLD,RS,Y_GE60,2015,5166,,,,,,,,,,,
IT1:29_849_DF_DCIS_ACQCITIZ_1(1.0),A,IT,ACQCITIZ,9,WORLD,RS,Y_GE60,2016,4805,,,,,,,,,,,
IT1:29_849_DF_DCIS_ACQCITIZ_1(1.0),A,IT,ACQCITIZ,9,WORLD,RS,Y_GE60,2017,3163,,,,,,,,,,,
IT1:29_849_DF_DCIS_ACQCITIZ_1(1.0),A,IT,ACQCITIZ,9,WORLD,RS,Y_GE60,2018,2358,,,,,,,,,,,
IT1:29_849_DF_DCIS_ACQCITIZ_1(1.0),A,IT,ACQCITIZ,9,WORLD,RS,Y_GE60,2019,3753,,,,,,,,,,,
IT1:29_849_DF_DCIS_ACQCITIZ_1(1.0),A,IT,ACQCITIZ,9,WORLD,RS,Y_GE60,2020,5082,,,,,,,,,,,
IT1:29_849_DF_DCIS_ACQCITIZ_1(1.0),A,IT,ACQCITIZ,9,WORLD,RS,Y_GE60,2021,4644,,,,,,,,,,,
IT1:29_849_DF_DCIS_ACQCITIZ_1(1.0),A,IT,ACQCITIZ,9,WORLD,RS,Y_GE60,2022,9445,,,,,,,,,,,
IT1:29_849_DF_DCIS_ACQCITIZ_1(1.0),A,IT,ACQCITIZ,9,WORLD,RS,Y_GE60,2023,7072,,,,,,,,,,,
IT1:29_849_DF_DCIS_ACQCITIZ_1(1.0),A,IT,ACQCITIZ,9,WORLD,RS,Y_UN19,2014,3,,,,,,,,,,,
IT1:29_849_DF_DCIS_ACQCITIZ_1(1.0),A,IT,ACQCITIZ,9,WORLD,RS,Y_UN19,2015,7,,,,,,,,,,,
IT1:29_849_DF_DCIS_ACQCITIZ_1(1.0),A,IT,ACQCITIZ,9,WORLD,RS,Y_UN19,2016,64,,,,,,,,,,,
IT1:29_849_DF_DCIS_ACQCITIZ_1(1.0),A,IT,ACQCITIZ,9,WORLD,RS,Y_UN19,2017,5,,,,,,,,,,,
IT1:29_849_DF_DCIS_ACQCITIZ_1(1.0),A,IT,ACQCITIZ,9,WORLD,RS,Y_UN19,2018,1,,,,,,,,,,,
IT1:29_849_DF_DCIS_ACQCITIZ_1(1.0),A,IT,ACQCITIZ,9,WORLD,RS,Y_UN19,2019,1,,,,,,,,,,,
IT1:29_849_DF_DCIS_ACQCITIZ_1(1.0),A,IT,ACQCITIZ,9,WORLD,RS,Y_UN20,2021,53,,,,,,,,,,,
IT1:29_849_DF_DCIS_ACQCITIZ_1(1.0),A,IT,ACQCITIZ,9,WORLD,RS,Y_UN20,2022,136,,,,,,,,,,,
IT1:29_849_DF_DCIS_ACQCITIZ_1(1.0),A,IT,ACQCITIZ,9,WORLD,RS,Y_UN20,2023,265,,,,,,,,,,,
IT1:29_849_DF_DCIS_ACQCITIZ_1(1.0),A,IT,ACQCITIZ,9,WORLD,RS,Y20-29,2014,7835,,,,,,,,,,,
IT1:29_849_DF_DCIS_ACQCITIZ_1(1.0),A,IT,ACQCITIZ,9,WORLD,RS,Y20-29,2015,14624,,,,,,,,,,,
IT1:29_849_DF_DCIS_ACQCITIZ_1(1.0),A,IT,ACQCITIZ,9,WORLD,RS,Y20-29,2016,18414,,,,,,,,,,,
IT1:29_849_DF_DCIS_ACQCITIZ_1(1.0),A,IT,ACQCITIZ,9,WORLD,RS,Y20-29,2017,11684,,,,,,,,,,,
IT1:29_849_DF_DCIS_ACQCITIZ_1(1.0),A,IT,ACQCITIZ,9,WORLD,RS,Y20-29,2018,7657,,,,,,,,,,,
IT1:29_849_DF_DCIS_ACQCITIZ_1(1.0),A,IT,ACQCITIZ,9,WORLD,RS,Y20-29,2019,9692,,,,,,,,,,,
IT1:29_849_DF_DCIS_ACQCITIZ_1(1.0),A,IT,ACQCITIZ,9,WORLD,RS,Y20-29,2020,9908,,,,,,,,,,,
IT1:29_849_DF_DCIS_ACQCITIZ_1(1.0),A,IT,ACQCITIZ,9,WORLD,RS,Y20-29,2021,7071,,,,,,,,,,,
IT1:29_849_DF_DCIS_ACQCITIZ_1(1.0),A,IT,ACQCITIZ,9,WORLD,RS,Y20-29,2022,12237,,,,,,,,,,,
IT1:29_849_DF_DCIS_ACQCITIZ_1(1.0),A,IT,ACQCITIZ,9,WORLD,RS,Y20-29,2023,11945,,,,,,,,,,,
IT1:29_849_DF_DCIS_ACQCITIZ_1(1.0),A,IT,ACQCITIZ,9,WORLD,RS,Y30-39,2014,13356,,,,,,,,,,,
IT1:29_849_DF_DCIS_ACQCITIZ_1(1.0),A,IT,ACQCITIZ,9,WORLD,RS,Y30-39,2015,21495,,,,,,,,,,,
IT1:29_849_DF_DCIS_ACQCITIZ_1(1.0),A,IT,ACQCITIZ,9,WORLD,RS,Y30-39,2016,27268,,,,,,,,,,,
IT1:29_849_DF_DCIS_ACQCITIZ_1(1.0),A,IT,ACQCITIZ,9,WORLD,RS,Y30-39,2017,16200,,,,,,,,,,,
IT1:29_849_DF_DCIS_ACQCITIZ_1(1.0),A,IT,ACQCITIZ,9,WORLD,RS,Y30-39,2018,10304,,,,,,,,,,,
IT1:29_849_DF_DCIS_ACQCITIZ_1(1.0),A,IT,ACQCITIZ,9,WORLD,RS,Y30-39,2019,13074,,,,,,,,,,,
IT1:29_849_DF_DCIS_ACQCITIZ_1(1.0),A,IT,ACQCITIZ,9,WORLD,RS,Y30-39,2020,16096,,,,,,,,,,,
IT1:29_849_DF_DCIS_ACQCITIZ_1(1.0),A,IT,ACQCITIZ,9,WORLD,RS,Y30-39,2021,11706,,,,,,,,,,,
IT1:29_849_DF_DCIS_ACQCITIZ_1(1.0),A,IT,ACQCITIZ,9,WORLD,RS,Y30-39,2022,22526,,,,,,,,,,,
IT1:29_849_DF_DCIS_ACQCITIZ_1(1.0),A,IT,ACQCITIZ,9,WORLD,RS,Y30-39,2023,21707,,,,,,,,,,,
IT1:29_849_DF_DCIS_ACQCITIZ_1(1.0),A,IT,ACQCITIZ,9,WORLD,RS,Y40-49,2014,22542,,,,,,,,,,,
IT1:29_849_DF_DCIS_ACQCITIZ_1(1.0),A,IT,ACQCITIZ,9,WORLD,RS,Y40-49,2015,32172,,,,,,,,,,,
IT1:29_849_DF_DCIS_ACQCITIZ_1(1.0),A,IT,ACQCITIZ,9,WORLD,RS,Y40-49,2016,34775,,,,,,,,,,,
IT1:29_849_DF_DCIS_ACQCITIZ_1(1.0),A,IT,ACQCITIZ,9,WORLD,RS,Y40-49,2017,20998,,,,,,,,,,,
IT1:29_849_DF_DCIS_ACQCITIZ_1(1.0),A,IT,ACQCITIZ,9,WORLD,RS,Y40-49,2018,12482,,,,,,,,,,,
IT1:29_849_DF_DCIS_ACQCITIZ_1(1.0),A,IT,ACQCITIZ,9,WORLD,RS,Y40-49,2019,16617,,,,,,,,,,,
IT1:29_849_DF_DCIS_ACQCITIZ_1(1.0),A,IT,ACQCITIZ,9,WORLD,RS,Y40-49,2020,22126,,,,,,,,,,,
IT1:29_849_DF_DCIS_ACQCITIZ_1(1.0),A,IT,ACQCITIZ,9,WORLD,RS,Y40-49,2021,16840,,,,,,,,,,,
IT1:29_849_DF_DCIS_ACQCITIZ_1(1.0),A,IT,ACQCITIZ,9,WORLD,RS,Y40-49,2022,31612,,,,,,,,,,,
IT1:29_849_DF_DCIS_ACQCITIZ_1(1.0),A,IT,ACQCITIZ,9,WORLD,RS,Y40-49,2023,27968,,,,,,,,,,,
IT1:29_849_DF_DCIS_ACQCITIZ_1(1.0),A,IT,ACQCITIZ,9,WORLD,RS,Y50-59,2014,11671,,,,,,,,,,,
IT1:29_849_DF_DCIS_ACQCITIZ_1(1.0),A,IT,ACQCITIZ,9,WORLD,RS,Y50-59,2015,17127,,,,,,,,,,,
IT1:29_849_DF_DCIS_ACQCITIZ_1(1.0),A,IT,ACQCITIZ,9,WORLD,RS,Y50-59,2016,16536,,,,,,,,,,,
IT1:29_849_DF_DCIS_ACQCITIZ_1(1.0),A,IT,ACQCITIZ,9,WORLD,RS,Y50-59,2017,10211,,,,,,,,,,,
IT1:29_849_DF_DCIS_ACQCITIZ_1(1.0),A,IT,ACQCITIZ,9,WORLD,RS,Y50-59,2018,6651,,,,,,,,,,,
IT1:29_849_DF_DCIS_ACQCITIZ_1(1.0),A,IT,ACQCITIZ,9,WORLD,RS,Y50-59,2019,9740,,,,,,,,,,,
IT1:29_849_DF_DCIS_ACQCITIZ_1(1.0),A,IT,ACQCITIZ,9,WORLD,RS,Y50-59,2020,12999,,,,,,,,,,,
IT1:29_849_DF_DCIS_ACQCITIZ_1(1.0),A,IT,ACQCITIZ,9,WORLD,RS,Y50-59,2021,10659,,,,,,,,,,,
IT1:29_849_DF_DCIS_ACQCITIZ_1(1.0),A,IT,ACQCITIZ,9,WORLD,RS,Y50-59,2022,20515,,,,,,,,,,,
IT1:29_849_DF_DCIS_ACQCITIZ_1(1.0),A,IT,ACQCITIZ,9,WORLD,RS,Y50-59,2023,16320,,,,,,,,,,,
IT1:29_849_DF_DCIS_ACQCITIZ_1(1.0),A,IT,ACQCITIZ,9,WORLD,TRS,TOTAL,2014,51819,,,,,,,,,,,
IT1:29_849_DF_DCIS_ACQCITIZ_1(1.0),A,IT,ACQCITIZ,9,WORLD,TRS,TOTAL,2015,70757,,,,,,,,,,,
IT1:29_849_DF_DCIS_ACQCITIZ_1(1.0),A,IT,ACQCITIZ,9,WORLD,TRS,TOTAL,2016,80456,,,,,,,,,,,
IT1:29_849_DF_DCIS_ACQCITIZ_1(1.0),A,IT,ACQCITIZ,9,WORLD,TRS,TOTAL,2017,62089,,,,,,,,,,,
IT1:29_849_DF_DCIS_ACQCITIZ_1(1.0),A,IT,ACQCITIZ,9,WORLD,TRS,TOTAL,2018,48910,,,,,,,,,,,
IT1:29_849_DF_DCIS_ACQCITIZ_1(1.0),A,IT,ACQCITIZ,9,WORLD,TRS,TOTAL,2019,57098,,,,,,,,,,,
IT1:29_849_DF_DCIS_ACQCITIZ_1(1.0),A,IT,ACQCITIZ,9,WORLD,TRS,TOTAL,2020,51548,,,,,,,,,,,
IT1:29_849_DF_DCIS_ACQCITIZ_1(1.0),A,IT,ACQCITIZ,9,WORLD,TRS,TOTAL,2021,55897,,,,,,,,,,,
IT1:29_849_DF_DCIS_ACQCITIZ_1(1.0),A,IT,ACQCITIZ,9,WORLD,TRS,TOTAL,2022,98446,,,,,,,,,,,
IT1:29_849_DF_DCIS_ACQCITIZ_1(1.0),A,IT,ACQCITIZ,9,WORLD,TRS,TOTAL,2023,103492,,,,,,,,,,,
IT1:29_849_DF_DCIS_ACQCITIZ_1(1.0),A,IT,ACQCITIZ,9,WORLD,TRS,Y_GE60,2017,303,,,,,,,,,,,
IT1:29_849_DF_DCIS_ACQCITIZ_1(1.0),A,IT,ACQCITIZ,9,WORLD,TRS,Y_GE60,2018,388,,,,,,,,,,,
IT1:29_849_DF_DCIS_ACQCITIZ_1(1.0),A,IT,ACQCITIZ,9,WORLD,TRS,Y_GE60,2019,516,,,,,,,,,,,
IT1:29_849_DF_DCIS_ACQCITIZ_1(1.0),A,IT,ACQCITIZ,9,WORLD,TRS,Y_GE60,2020,325,,,,,,,,,,,
IT1:29_849_DF_DCIS_ACQCITIZ_1(1.0),A,IT,ACQCITIZ,9,WORLD,TRS,Y_GE60,2021,310,,,,,,,,,,,
IT1:29_849_DF_DCIS_ACQCITIZ_1(1.0),A,IT,ACQCITIZ,9,WORLD,TRS,Y_GE60,2022,1145,,,,,,,,,,,
IT1:29_849_DF_DCIS_ACQCITIZ_1(1.0),A,IT,ACQCITIZ,9,WORLD,TRS,Y_GE60,2023,1538,,,,,,,,,,,
IT1:29_849_DF_DCIS_ACQCITIZ_1(1.0),A,IT,ACQCITIZ,9,WORLD,TRS,Y_UN19,2014,51819,,,,,,,,,,,
IT1:29_849_DF_DCIS_ACQCITIZ_1(1.0),A,IT,ACQCITIZ,9,WORLD,TRS,Y_UN19,2015,70757,,,,,,,,,,,
IT1:29_849_DF_DCIS_ACQCITIZ_1(1.0),A,IT,ACQCITIZ,9,WORLD,TRS,Y_UN19,2016,80456,,,,,,,,,,,
IT1:29_849_DF_DCIS_ACQCITIZ_1(1.0),A,IT,ACQCITIZ,9,WORLD,TRS,Y_UN19,2017,54035,,,,,,,,,,,
IT1:29_849_DF_DCIS_ACQCITIZ_1(1.0),A,IT,ACQCITIZ,9,WORLD,TRS,Y_UN19,2018,39943,,,,,,,,,,,
IT1:29_849_DF_DCIS_ACQCITIZ_1(1.0),A,IT,ACQCITIZ,9,WORLD,TRS,Y_UN19,2019,45740,,,,,,,,,,,
IT1:29_849_DF_DCIS_ACQCITIZ_1(1.0),A,IT,ACQCITIZ,9,WORLD,TRS,Y_UN20,2020,43916,,,,,,,,,,,
IT1:29_849_DF_DCIS_ACQCITIZ_1(1.0),A,IT,ACQCITIZ,9,WORLD,TRS,Y_UN20,2021,48270,,,,,,,,,,,
IT1:29_849_DF_DCIS_ACQCITIZ_1(1.0),A,IT,ACQCITIZ,9,WORLD,TRS,Y_UN20,2022,78485,,,,,,,,,,,
IT1:29_849_DF_DCIS_ACQCITIZ_1(1.0),A,IT,ACQCITIZ,9,WORLD,TRS,Y_UN20,2023,77806,,,,,,,,,,,
IT1:29_849_DF_DCIS_ACQCITIZ_1(1.0),A,IT,ACQCITIZ,9,WORLD,TRS,Y20-29,2017,3108,,,,,,,,,,,
IT1:29_849_DF_DCIS_ACQCITIZ_1(1.0),A,IT,ACQCITIZ,9,WORLD,TRS,Y20-29,2018,3503,,,,,,,,,,,
IT1:29_849_DF_DCIS_ACQCITIZ_1(1.0),A,IT,ACQCITIZ,9,WORLD,TRS,Y20-29,2019,4586,,,,,,,,,,,
IT1:29_849_DF_DCIS_ACQCITIZ_1(1.0),A,IT,ACQCITIZ,9,WORLD,TRS,Y20-29,2020,2942,,,,,,,,,,,
IT1:29_849_DF_DCIS_ACQCITIZ_1(1.0),A,IT,ACQCITIZ,9,WORLD,TRS,Y20-29,2021,3042,,,,,,,,,,,
IT1:29_849_DF_DCIS_ACQCITIZ_1(1.0),A,IT,ACQCITIZ,9,WORLD,TRS,Y20-29,2022,7093,,,,,,,,,,,
IT1:29_849_DF_DCIS_ACQCITIZ_1(1.0),A,IT,ACQCITIZ,9,WORLD,TRS,Y20-29,2023,9807,,,,,,,,,,,
IT1:29_849_DF_DCIS_ACQCITIZ_1(1.0),A,IT,ACQCITIZ,9,WORLD,TRS,Y30-39,2017,3011,,,,,,,,,,,
IT1:29_849_DF_DCIS_ACQCITIZ_1(1.0),A,IT,ACQCITIZ,9,WORLD,TRS,Y30-39,2018,3195,,,,,,,,,,,
IT1:29_849_DF_DCIS_ACQCITIZ_1(1.0),A,IT,ACQCITIZ,9,WORLD,TRS,Y30-39,2019,4041,,,,,,,,,,,
IT1:29_849_DF_DCIS_ACQCITIZ_1(1.0),A,IT,ACQCITIZ,9,WORLD,TRS,Y30-39,2020,2832,,,,,,,,,,,
IT1:29_849_DF_DCIS_ACQCITIZ_1(1.0),A,IT,ACQCITIZ,9,WORLD,TRS,Y30-39,2021,2790,,,,,,,,,,,
IT1:29_849_DF_DCIS_ACQCITIZ_1(1.0),A,IT,ACQCITIZ,9,WORLD,TRS,Y30-39,2022,7453,,,,,,,,,,,
IT1:29_849_DF_DCIS_ACQCITIZ_1(1.0),A,IT,ACQCITIZ,9,WORLD,TRS,Y30-39,2023,9168,,,,,,,,,,,
IT1:29_849_DF_DCIS_ACQCITIZ_1(1.0),A,IT,ACQCITIZ,9,WORLD,TRS,Y40-49,2017,1091,,,,,,,,,,,
IT1:29_849_DF_DCIS_ACQCITIZ_1(1.0),A,IT,ACQCITIZ,9,WORLD,TRS,Y40-49,2018,1268,,,,,,,,,,,
IT1:29_849_DF_DCIS_ACQCITIZ_1(1.0),A,IT,ACQCITIZ,9,WORLD,TRS,Y40-49,2019,1456,,,,,,,,,,,
IT1:29_849_DF_DCIS_ACQCITIZ_1(1.0),A,IT,ACQCITIZ,9,WORLD,TRS,Y40-49,2020,1071,,,,,,,,,,,
IT1:29_849_DF_DCIS_ACQCITIZ_1(1.0),A,IT,ACQCITIZ,9,WORLD,TRS,Y40-49,2021,1025,,,,,,,,,,,
IT1:29_849_DF_DCIS_ACQCITIZ_1(1.0),A,IT,ACQCITIZ,9,WORLD,TRS,Y40-49,2022,2855,,,,,,,,,,,
IT1:29_849_DF_DCIS_ACQCITIZ_1(1.0),A,IT,ACQCITIZ,9,WORLD,TRS,Y40-49,2023,3397,,,,,,,,,,,
IT1:29_849_DF_DCIS_ACQCITIZ_1(1.0),A,IT,ACQCITIZ,9,WORLD,TRS,Y50-59,2017,541,,,,,,,,,,,
IT1:29_849_DF_DCIS_ACQCITIZ_1(1.0),A,IT,ACQCITIZ,9,WORLD,TRS,Y50-59,2018,613,,,,,,,,,,,
IT1:29_849_DF_DCIS_ACQCITIZ_1(1.0),A,IT,ACQCITIZ,9,WORLD,TRS,Y50-59,2019,759,,,,,,,,,,,
IT1:29_849_DF_DCIS_ACQCITIZ_1(1.0),A,IT,ACQCITIZ,9,WORLD,TRS,Y50-59,2020,462,,,,,,,,,,,
IT1:29_849_DF_DCIS_ACQCITIZ_1(1.0),A,IT,ACQCITIZ,9,WORLD,TRS,Y50-59,2021,460,,,,,,,,,,,
IT1:29_849_DF_DCIS_ACQCITIZ_1(1.0),A,IT,ACQCITIZ,9,WORLD,TRS,Y50-59,2022,1415,,,,,,,,,,,
IT1:29_849_DF_DCIS_ACQCITIZ_1(1.0),A,IT,ACQCITIZ,9,WORLD,TRS,Y50-59,2023,1776,,,,,,,,,,,
