DATAFLOW,FREQ,REF_AREA,DATA_TYPE,SEX,MOSTREL_CCITENSHIP,TYPE_RES_PERMIT_REASON,TYPE_RES_PERMIT,AGE,MARITAL_STATUS,TIME_PERIOD,OBS_VALUE,OBS_STATUS,NOTE_DS,NOTE_REF_AREA,NOTE_DATA_TYPE,NOTE_SEX,NOTE_MOSTREL_CCITENSHIP,NOTE_TYPE_RES_PERMIT_REASON,NOTE_TYPE_RES_PERMIT,NOTE_AGE,NOTE_MARITAL_STATUS,BASE_PER,UNIT_MEAS,UNIT_MULT
IT1:29_348_DF_DCIS_PERMSOGG1_3(1.0),A,IT,RESPER,1,WORLD,ALL,LONGT,TOTAL,1,2015,613250,,,,,,,,,,,,,
IT1:29_348_DF_DCIS_PERMSOGG1_3(1.0),A,IT,RESPER,1,WORLD,ALL,LONGT,TOTAL,1,2016,646086,,,,,,,,,,,,,
IT1:29_348_DF_DCIS_PERMSOGG1_3(1.0),A,IT,RESPER,1,WORLD,ALL,LONGT,TOTAL,1,2017,602032,,,,,,,,,,,,,
IT1:29_348_DF_DCIS_PERMSOGG1_3(1.0),A,IT,RESPER,1,WORLD,ALL,LONGT,TOTAL,1,2018,628164,,,,,,,,,,,,,
IT1:29_348_DF_DCIS_PERMSOGG1_3(1.0),A,IT,RESPER,1,WORLD,ALL,LONGT,TOTAL,1,2019,638048,,,,,,,,,,,,,
IT1:29_348_DF_DCIS_PERMSOGG1_3(1.0),A,IT,RESPER,1,WORLD,ALL,LONGT,TOTAL,1,2020,624132,,,,,,,,,,,,,
IT1:29_348_DF_DCIS_PERMSOGG1_3(1.0),A,IT,RESPER,1,WORLD,ALL,LONGT,TOTAL,1,2021,599922,,,,,,,,,,,,,
IT1:29_348_DF_DCIS_PERMSOGG1_3(1.0),A,IT,RESPER,1,WORLD,ALL,LONGT,TOTAL,1,2022,626309,,,,,,,,,,,,,
IT1:29_348_DF_DCIS_PERMSOGG1_3(1.0),A,IT,RESPER,1,WORLD,ALL,LONGT,TOTAL,1,2023,596694,,,,,,,,,,,,,
IT1:29_348_DF_DCIS_PERMSOGG1_3(1.0),A,IT,RESPER,1,WORLD,ALL,LONGT,TOTAL,1,2024,567211,,,,,,,,,,,,,
IT1:29_348_DF_DCIS_PERMSOGG1_3(1.0),A,IT,RESPER,1,WORLD,ALL,LONGT,TOTAL,2,2015,505297,,,,,,,,,,,,,
IT1:29_348_DF_DCIS_PERMSOGG1_3(1.0),A,IT,RESPER,1,WORLD,ALL,LONGT,TOTAL,2,2016,514498,,,,,,,,,,,,,
IT1:29_348_DF_DCIS_PERMSOGG1_3(1.0),A,IT,RESPER,1,WORLD,ALL,LONGT,TOTAL,2,2017,511478,,,,,,,,,,,,,
IT1:29_348_DF_DCIS_PERMSOGG1_3(1.0),A,IT,RESPER,1,WORLD,ALL,LONGT,TOTAL,2,2018,503764,,,,,,,,,,,,,
IT1:29_348_DF_DCIS_PERMSOGG1_3(1.0),A,IT,RESPER,1,WORLD,ALL,LONGT,TOTAL,2,2019,507929,,,,,,,,,,,,,
IT1:29_348_DF_DCIS_PERMSOGG1_3(1.0),A,IT,RESPER,1,WORLD,ALL,LONGT,TOTAL,2,2020,502376,,,,,,,,,,,,,
IT1:29_348_DF_DCIS_PERMSOGG1_3(1.0),A,IT,RESPER,1,WORLD,ALL,LONGT,TOTAL,2,2021,481585,,,,,,,,,,,,,
IT1:29_348_DF_DCIS_PERMSOGG1_3(1.0),A,IT,RESPER,1,WORLD,ALL,LONGT,TOTAL,2,2022,517814,,,,,,,,,,,,,
IT1:29_348_DF_DCIS_PERMSOGG1_3(1.0),A,IT,RESPER,1,WORLD,ALL,LONGT,TOTAL,2,2023,499664,,,,,,,,,,,,,
IT1:29_348_DF_DCIS_PERMSOGG1_3(1.0),A,IT,RESPER,1,WORLD,ALL,LONGT,TOTAL,2,2024,486336,,,,,,,,,,,,,
IT1:29_348_DF_DCIS_PERMSOGG1_3(1.0),A,IT,RESPER,1,WORLD,ALL,LONGT,TOTAL,9,2015,2988,,,,,,,,,,,,,
IT1:29_348_DF_DCIS_PERMSOGG1_3(1.0),A,IT,RESPER,1,WORLD,ALL,LONGT,TOTAL,9,2016,3123,,,,,,,,,,,,,
IT1:29_348_DF_DCIS_PERMSOGG1_3(1.0),A,IT,RESPER,1,WORLD,ALL,LONGT,TOTAL,9,2017,3154,,,,,,,,,,,,,
IT1:29_348_DF_DCIS_PERMSOGG1_3(1.0),A,IT,RESPER,1,WORLD,ALL,LONGT,TOTAL,9,2018,3214,,,,,,,,,,,,,
IT1:29_348_DF_DCIS_PERMSOGG1_3(1.0),A,IT,RESPER,1,WORLD,ALL,LONGT,TOTAL,9,2019,3033,,,,,,,,,,,,,
IT1:29_348_DF_DCIS_PERMSOGG1_3(1.0),A,IT,RESPER,1,WORLD,ALL,LONGT,TOTAL,9,2020,3007,,,,,,,,,,,,,
IT1:29_348_DF_DCIS_PERMSOGG1_3(1.0),A,IT,RESPER,1,WORLD,ALL,LONGT,TOTAL,9,2021,2766,,,,,,,,,,,,,
IT1:29_348_DF_DCIS_PERMSOGG1_3(1.0),A,IT,RESPER,1,WORLD,ALL,LONGT,TOTAL,9,2022,3587,,,,,,,,,,,,,
IT1:29_348_DF_DCIS_PERMSOGG1_3(1.0),A,IT,RESPER,1,WORLD,ALL,LONGT,TOTAL,9,2023,3339,,,,,,,,,,,,,
IT1:29_348_DF_DCIS_PERMSOGG1_3(1.0),A,IT,RESPER,1,WORLD,ALL,LONGT,TOTAL,9,2024,3165,,,,,,,,,,,,,
IT1:29_348_DF_DCIS_PERMSOGG1_3(1.0),A,IT,RESPER,1,WORLD,ALL,LONGT,TOTAL,99,2015,1121535,,,,,,,,,,,,,
IT1:29_348_DF_DCIS_PERMSOGG1_3(1.0),A,IT,RESPER,1,WORLD,ALL,LONGT,TOTAL,99,2016,1163707,,,,,,,,,,,,,
IT1:29_348_DF_DCIS_PERMSOGG1_3(1.0),A,IT,RESPER,1,WORLD,ALL,LONGT,TOTAL,99,2017,1116664,,,,,,,,,,,,,
IT1:29_348_DF_DCIS_PERMSOGG1_3(1.0),A,IT,RESPER,1,WORLD,ALL,LONGT,TOTAL,99,2018,1135142,,,,,,,,,,,,,
IT1:29_348_DF_DCIS_PERMSOGG1_3(1.0),A,IT,RESPER,1,WORLD,ALL,LONGT,TOTAL,99,2019,1149010,,,,,,,,,,,,,
IT1:29_348_DF_DCIS_PERMSOGG1_3(1.0),A,IT,RESPER,1,WORLD,ALL,LONGT,TOTAL,99,2020,1129515,,,,,,,,,,,,,
IT1:29_348_DF_DCIS_PERMSOGG1_3(1.0),A,IT,RESPER,1,WORLD,ALL,LONGT,TOTAL,99,2021,1084273,,,,,,,,,,,,,
IT1:29_348_DF_DCIS_PERMSOGG1_3(1.0),A,IT,RESPER,1,WORLD,ALL,LONGT,TOTAL,99,2022,1147710,,,,,,,,,,,,,
IT1:29_348_DF_DCIS_PERMSOGG1_3(1.0),A,IT,RESPER,1,WORLD,ALL,LONGT,TOTAL,99,2023,1099697,,,,,,,,,,,,,
IT1:29_348_DF_DCIS_PERMSOGG1_3(1.0),A,IT,RESPER,1,WORLD,ALL,LONGT,TOTAL,99,2024,1056712,,,,,,,,,,,,,
IT1:29_348_DF_DCIS_PERMSOGG1_3(1.0),A,IT,RESPER,1,WORLD,ALL,NLONGT,TOTAL,1,2015,599260,,,,,,,,,,,,,
IT1:29_348_DF_DCIS_PERMSOGG1_3(1.0),A,IT,RESPER,1,WORLD,ALL,NLONGT,TOTAL,1,2016,585932,,,,,,,,,,,,,
IT1:29_348_DF_DCIS_PERMSOGG1_3(1.0),A,IT,RESPER,1,WORLD,ALL,NLONGT,TOTAL,1,2017,561576,,,,,,,,,,,,,
IT1:29_348_DF_DCIS_PERMSOGG1_3(1.0),A,IT,RESPER,1,WORLD,ALL,NLONGT,TOTAL,1,2018,576337,,,,,,,,,,,,,
IT1:29_348_DF_DCIS_PERMSOGG1_3(1.0),A,IT,RESPER,1,WORLD,ALL,NLONGT,TOTAL,1,2019,571474,,,,,,,,,,,,,
IT1:29_348_DF_DCIS_PERMSOGG1_3(1.0),A,IT,RESPER,1,WORLD,ALL,NLONGT,TOTAL,1,2020,527529,,,,,,,,,,,,,
IT1:29_348_DF_DCIS_PERMSOGG1_3(1.0),A,IT,RESPER,1,WORLD,ALL,NLONGT,TOTAL,1,2021,453754,,,,,,,,,,,,,
IT1:29_348_DF_DCIS_PERMSOGG1_3(1.0),A,IT,RESPER,1,WORLD,ALL,NLONGT,TOTAL,1,2022,516450,,,,,,,,,,,,,
IT1:29_348_DF_DCIS_PERMSOGG1_3(1.0),A,IT,RESPER,1,WORLD,ALL,NLONGT,TOTAL,1,2023,612720,,,,,,,,,,,,,
IT1:29_348_DF_DCIS_PERMSOGG1_3(1.0),A,IT,RESPER,1,WORLD,ALL,NLONGT,TOTAL,1,2024,629616,,,,,,,,,,,,,
IT1:29_348_DF_DCIS_PERMSOGG1_3(1.0),A,IT,RESPER,1,WORLD,ALL,NLONGT,TOTAL,2,2015,284789,,,,,,,,,,,,,
IT1:29_348_DF_DCIS_PERMSOGG1_3(1.0),A,IT,RESPER,1,WORLD,ALL,NLONGT,TOTAL,2,2016,263988,,,,,,,,,,,,,
IT1:29_348_DF_DCIS_PERMSOGG1_3(1.0),A,IT,RESPER,1,WORLD,ALL,NLONGT,TOTAL,2,2017,231214,,,,,,,,,,,,,
IT1:29_348_DF_DCIS_PERMSOGG1_3(1.0),A,IT,RESPER,1,WORLD,ALL,NLONGT,TOTAL,2,2018,207372,,,,,,,,,,,,,
IT1:29_348_DF_DCIS_PERMSOGG1_3(1.0),A,IT,RESPER,1,WORLD,ALL,NLONGT,TOTAL,2,2019,200926,,,,,,,,,,,,,
IT1:29_348_DF_DCIS_PERMSOGG1_3(1.0),A,IT,RESPER,1,WORLD,ALL,NLONGT,TOTAL,2,2020,183735,,,,,,,,,,,,,
IT1:29_348_DF_DCIS_PERMSOGG1_3(1.0),A,IT,RESPER,1,WORLD,ALL,NLONGT,TOTAL,2,2021,162704,,,,,,,,,,,,,
IT1:29_348_DF_DCIS_PERMSOGG1_3(1.0),A,IT,RESPER,1,WORLD,ALL,NLONGT,TOTAL,2,2022,151193,,,,,,,,,,,,,
IT1:29_348_DF_DCIS_PERMSOGG1_3(1.0),A,IT,RESPER,1,WORLD,ALL,NLONGT,TOTAL,2,2023,157270,,,,,,,,,,,,,
IT1:29_348_DF_DCIS_PERMSOGG1_3(1.0),A,IT,RESPER,1,WORLD,ALL,NLONGT,TOTAL,2,2024,143152,,,,,,,,,,,,,
IT1:29_348_DF_DCIS_PERMSOGG1_3(1.0),A,IT,RESPER,1,WORLD,ALL,NLONGT,TOTAL,9,2015,1904,,,,,,,,,,,,,
IT1:29_348_DF_DCIS_PERMSOGG1_3(1.0),A,IT,RESPER,1,WORLD,ALL,NLONGT,TOTAL,9,2016,1820,,,,,,,,,,,,,
IT1:29_348_DF_DCIS_PERMSOGG1_3(1.0),A,IT,RESPER,1,WORLD,ALL,NLONGT,TOTAL,9,2017,1794,,,,,,,,,,,,,
IT1:29_348_DF_DCIS_PERMSOGG1_3(1.0),A,IT,RESPER,1,WORLD,ALL,NLONGT,TOTAL,9,2018,1801,,,,,,,,,,,,,
IT1:29_348_DF_DCIS_PERMSOGG1_3(1.0),A,IT,RESPER,1,WORLD,ALL,NLONGT,TOTAL,9,2019,1709,,,,,,,,,,,,,
IT1:29_348_DF_DCIS_PERMSOGG1_3(1.0),A,IT,RESPER,1,WORLD,ALL,NLONGT,TOTAL,9,2020,1551,,,,,,,,,,,,,
IT1:29_348_DF_DCIS_PERMSOGG1_3(1.0),A,IT,RESPER,1,WORLD,ALL,NLONGT,TOTAL,9,2021,1527,,,,,,,,,,,,,
IT1:29_348_DF_DCIS_PERMSOGG1_3(1.0),A,IT,RESPER,1,WORLD,ALL,NLONGT,TOTAL,9,2022,1002,,,,,,,,,,,,,
IT1:29_348_DF_DCIS_PERMSOGG1_3(1.0),A,IT,RESPER,1,WORLD,ALL,NLONGT,TOTAL,9,2023,1300,,,,,,,,,,,,,
IT1:29_348_DF_DCIS_PERMSOGG1_3(1.0),A,IT,RESPER,1,WORLD,ALL,NLONGT,TOTAL,9,2024,1289,,,,,,,,,,,,,
IT1:29_348_DF_DCIS_PERMSOGG1_3(1.0),A,IT,RESPER,1,WORLD,ALL,NLONGT,TOTAL,99,2015,885953,,,,,,,,,,,,,
IT1:29_348_DF_DCIS_PERMSOGG1_3(1.0),A,IT,RESPER,1,WORLD,ALL,NLONGT,TOTAL,99,2016,851740,,,,,,,,,,,,,
IT1:29_348_DF_DCIS_PERMSOGG1_3(1.0),A,IT,RESPER,1,WORLD,ALL,NLONGT,TOTAL,99,2017,794584,,,,,,,,,,,,,
IT1:29_348_DF_DCIS_PERMSOGG1_3(1.0),A,IT,RESPER,1,WORLD,ALL,NLONGT,TOTAL,99,2018,785510,,,,,,,,,,,,,
IT1:29_348_DF_DCIS_PERMSOGG1_3(1.0),A,IT,RESPER,1,WORLD,ALL,NLONGT,TOTAL,99,2019,774109,,,,,,,,,,,,,
IT1:29_348_DF_DCIS_PERMSOGG1_3(1.0),A,IT,RESPER,1,WORLD,ALL,NLONGT,TOTAL,99,2020,712815,,,,,,,,,,,,,
IT1:29_348_DF_DCIS_PERMSOGG1_3(1.0),A,IT,RESPER,1,WORLD,ALL,NLONGT,TOTAL,99,2021,617985,,,,,,,,,,,,,
IT1:29_348_DF_DCIS_PERMSOGG1_3(1.0),A,IT,RESPER,1,WORLD,ALL,NLONGT,TOTAL,99,2022,668645,,,,,,,,,,,,,
IT1:29_348_DF_DCIS_PERMSOGG1_3(1.0),A,IT,RESPER,1,WORLD,ALL,NLONGT,TOTAL,99,2023,771290,,,,,,,,,,,,,
IT1:29_348_DF_DCIS_PERMSOGG1_3(1.0),A,IT,RESPER,1,WORLD,ALL,NLONGT,TOTAL,99,2024,774057,,,,,,,,,,,,,
IT1:29_348_DF_DCIS_PERMSOGG1_3(1.0),A,IT,RESPER,1,WORLD,ALL,TOTAL,TOTAL,1,2015,1212510,,,,,,,,,,,,,
IT1:29_348_DF_DCIS_PERMSOGG1_3(1.0),A,IT,RESPER,1,WORLD,ALL,TOTAL,TOTAL,1,2016,1232018,,,,,,,,,,,,,
IT1:29_348_DF_DCIS_PERMSOGG1_3(1.0),A,IT,RESPER,1,WORLD,ALL,TOTAL,TOTAL,1,2017,1163608,,,,,,,,,,,,,
IT1:29_348_DF_DCIS_PERMSOGG1_3(1.0),A,IT,RESPER,1,WORLD,ALL,TOTAL,TOTAL,1,2018,1204501,,,,,,,,,,,,,
IT1:29_348_DF_DCIS_PERMSOGG1_3(1.0),A,IT,RESPER,1,WORLD,ALL,TOTAL,TOTAL,1,2019,1209522,,,,,,,,,,,,,
IT1:29_348_DF_DCIS_PERMSOGG1_3(1.0),A,IT,RESPER,1,WORLD,ALL,TOTAL,TOTAL,1,2020,1151661,,,,,,,,,,,,,
IT1:29_348_DF_DCIS_PERMSOGG1_3(1.0),A,IT,RESPER,1,WORLD,ALL,TOTAL,TOTAL,1,2021,1053676,,,,,,,,,,,,,
IT1:29_348_DF_DCIS_PERMSOGG1_3(1.0),A,IT,RESPER,1,WORLD,ALL,TOTAL,TOTAL,1,2022,1142759,,,,,,,,,,,,,
IT1:29_348_DF_DCIS_PERMSOGG1_3(1.0),A,IT,RESPER,1,WORLD,ALL,TOTAL,TOTAL,1,2023,1209414,,,,,,,,,,,,,
IT1:29_348_DF_DCIS_PERMSOGG1_3(1.0),A,IT,RESPER,1,WORLD,ALL,TOTAL,TOTAL,1,2024,1196827,,,,,,,,,,,,,
IT1:29_348_DF_DCIS_PERMSOGG1_3(1.0),A,IT,RESPER,1,WORLD,ALL,TOTAL,TOTAL,2,2015,790086,,,,,,,,,,,,,
IT1:29_348_DF_DCIS_PERMSOGG1_3(1.0),A,IT,RESPER,1,WORLD,ALL,TOTAL,TOTAL,2,2016,778486,,,,,,,,,,,,,
IT1:29_348_DF_DCIS_PERMSOGG1_3(1.0),A,IT,RESPER,1,WORLD,ALL,TOTAL,TOTAL,2,2017,742692,,,,,,,,,,,,,
IT1:29_348_DF_DCIS_PERMSOGG1_3(1.0),A,IT,RESPER,1,WORLD,ALL,TOTAL,TOTAL,2,2018,711136,,,,,,,,,,,,,
IT1:29_348_DF_DCIS_PERMSOGG1_3(1.0),A,IT,RESPER,1,WORLD,ALL,TOTAL,TOTAL,2,2019,708855,,,,,,,,,,,,,
IT1:29_348_DF_DCIS_PERMSOGG1_3(1.0),A,IT,RESPER,1,WORLD,ALL,TOTAL,TOTAL,2,2020,686111,,,,,,,,,,,,,
IT1:29_348_DF_DCIS_PERMSOGG1_3(1.0),A,IT,RESPER,1,WORLD,ALL,TOTAL,TOTAL,2,2021,644289,,,,,,,,,,,,,
IT1:29_348_DF_DCIS_PERMSOGG1_3(1.0),A,IT,RESPER,1,WORLD,ALL,TOTAL,TOTAL,2,2022,669007,,,,,,,,,,,,,
IT1:29_348_DF_DCIS_PERMSOGG1_3(1.0),A,IT,RESPER,1,WORLD,ALL,TOTAL,TOTAL,2,2023,656934,,,,,,,,,,,,,
IT1:29_348_DF_DCIS_PERMSOGG1_3(1.0),A,IT,RESPER,1,WORLD,ALL,TOTAL,TOTAL,2,2024,629488,,,,,,,,,,,,,
IT1:29_348_DF_DCIS_PERMSOGG1_3(1.0),A,IT,RESPER,1,WORLD,ALL,TOTAL,TOTAL,9,2015,4892,,,,,,,,,,,,,
IT1:29_348_DF_DCIS_PERMSOGG1_3(1.0),A,IT,RESPER,1,WORLD,ALL,TOTAL,TOTAL,9,2016,4943,,,,,,,,,,,,,
IT1:29_348_DF_DCIS_PERMSOGG1_3(1.0),A,IT,RESPER,1,WORLD,ALL,TOTAL,TOTAL,9,2017,4948,,,,,,,,,,,,,
IT1:29_348_DF_DCIS_PERMSOGG1_3(1.0),A,IT,RESPER,1,WORLD,ALL,TOTAL,TOTAL,9,2018,5015,,,,,,,,,,,,,
IT1:29_348_DF_DCIS_PERMSOGG1_3(1.0),A,IT,RESPER,1,WORLD,ALL,TOTAL,TOTAL,9,2019,4742,,,,,,,,,,,,,
IT1:29_348_DF_DCIS_PERMSOGG1_3(1.0),A,IT,RESPER,1,WORLD,ALL,TOTAL,TOTAL,9,2020,4558,,,,,,,,,,,,,
IT1:29_348_DF_DCIS_PERMSOGG1_3(1.0),A,IT,RESPER,1,WORLD,ALL,TOTAL,TOTAL,9,2021,4293,,,,,,,,,,,,,
IT1:29_348_DF_DCIS_PERMSOGG1_3(1.0),A,IT,RESPER,1,WORLD,ALL,TOTAL,TOTAL,9,2022,4589,,,,,,,,,,,,,
IT1:29_348_DF_DCIS_PERMSOGG1_3(1.0),A,IT,RESPER,1,WORLD,ALL,TOTAL,TOTAL,9,2023,4639,,,,,,,,,,,,,
IT1:29_348_DF_DCIS_PERMSOGG1_3(1.0),A,IT,RESPER,1,WORLD,ALL,TOTAL,TOTAL,9,2024,4454,,,,,,,,,,,,,
IT1:29_348_DF_DCIS_PERMSOGG1_3(1.0),A,IT,RESPER,1,WORLD,ALL,TOTAL,TOTAL,99,2015,2007488,,,,,,,,,,,,,
IT1:29_348_DF_DCIS_PERMSOGG1_3(1.0),A,IT,RESPER,1,WORLD,ALL,TOTAL,TOTAL,99,2016,2015447,,,,,,,,,,,,,
IT1:29_348_DF_DCIS_PERMSOGG1_3(1.0),A,IT,RESPER,1,WORLD,ALL,TOTAL,TOTAL,99,2017,1911248,,,,,,,,,,,,,
IT1:29_348_DF_DCIS_PERMSOGG1_3(1.0),A,IT,RESPER,1,WORLD,ALL,TOTAL,TOTAL,99,2018,1920652,,,,,,,,,,,,,
IT1:29_348_DF_DCIS_PERMSOGG1_3(1.0),A,IT,RESPER,1,WORLD,ALL,TOTAL,TOTAL,99,2019,1923119,,,,,,,,,,,,,
IT1:29_348_DF_DCIS_PERMSOGG1_3(1.0),A,IT,RESPER,1,WORLD,ALL,TOTAL,TOTAL,99,2020,1842330,,,,,,,,,,,,,
IT1:29_348_DF_DCIS_PERMSOGG1_3(1.0),A,IT,RESPER,1,WORLD,ALL,TOTAL,TOTAL,99,2021,1702258,,,,,,,,,,,,,
IT1:29_348_DF_DCIS_PERMSOGG1_3(1.0),A,IT,RESPER,1,WORLD,ALL,TOTAL,TOTAL,99,2022,1816355,,,,,,,,,,,,,
IT1:29_348_DF_DCIS_PERMSOGG1_3(1.0),A,IT,RESPER,1,WORLD,ALL,TOTAL,TOTAL,99,2023,1870987,,,,,,,,,,,,,
IT1:29_348_DF_DCIS_PERMSOGG1_3(1.0),A,IT,RESPER,1,WORLD,ALL,TOTAL,TOTAL,99,2024,1830769,,,,,,,,,,,,,
IT1:29_348_DF_DCIS_PERMSOGG1_3(1.0),A,IT,RESPER,2,WORLD,ALL,LONGT,TOTAL,1,2015,602071,,,,,,,,,,,,,
IT1:29_348_DF_DCIS_PERMSOGG1_3(1.0),A,IT,RESPER,2,WORLD,ALL,LONGT,TOTAL,1,2016,636780,,,,,,,,,,,,,
IT1:29_348_DF_DCIS_PERMSOGG1_3(1.0),A,IT,RESPER,2,WORLD,ALL,LONGT,TOTAL,1,2017,600477,,,,,,,,,,,,,
IT1:29_348_DF_DCIS_PERMSOGG1_3(1.0),A,IT,RESPER,2,WORLD,ALL,LONGT,TOTAL,1,2018,626871,,,,,,,,,,,,,
IT1:29_348_DF_DCIS_PERMSOGG1_3(1.0),A,IT,RESPER,2,WORLD,ALL,LONGT,TOTAL,1,2019,638260,,,,,,,,,,,,,
IT1:29_348_DF_DCIS_PERMSOGG1_3(1.0),A,IT,RESPER,2,WORLD,ALL,LONGT,TOTAL,1,2020,632637,,,,,,,,,,,,,
IT1:29_348_DF_DCIS_PERMSOGG1_3(1.0),A,IT,RESPER,2,WORLD,ALL,LONGT,TOTAL,1,2021,606275,,,,,,,,,,,,,
IT1:29_348_DF_DCIS_PERMSOGG1_3(1.0),A,IT,RESPER,2,WORLD,ALL,LONGT,TOTAL,1,2022,637967,,,,,,,,,,,,,
IT1:29_348_DF_DCIS_PERMSOGG1_3(1.0),A,IT,RESPER,2,WORLD,ALL,LONGT,TOTAL,1,2023,606030,,,,,,,,,,,,,
IT1:29_348_DF_DCIS_PERMSOGG1_3(1.0),A,IT,RESPER,2,WORLD,ALL,LONGT,TOTAL,1,2024,574581,,,,,,,,,,,,,
IT1:29_348_DF_DCIS_PERMSOGG1_3(1.0),A,IT,RESPER,2,WORLD,ALL,LONGT,TOTAL,2,2015,503667,,,,,,,,,,,,,
IT1:29_348_DF_DCIS_PERMSOGG1_3(1.0),A,IT,RESPER,2,WORLD,ALL,LONGT,TOTAL,2,2016,515439,,,,,,,,,,,,,
IT1:29_348_DF_DCIS_PERMSOGG1_3(1.0),A,IT,RESPER,2,WORLD,ALL,LONGT,TOTAL,2,2017,515217,,,,,,,,,,,,,
IT1:29_348_DF_DCIS_PERMSOGG1_3(1.0),A,IT,RESPER,2,WORLD,ALL,LONGT,TOTAL,2,2018,507478,,,,,,,,,,,,,
IT1:29_348_DF_DCIS_PERMSOGG1_3(1.0),A,IT,RESPER,2,WORLD,ALL,LONGT,TOTAL,2,2019,504352,,,,,,,,,,,,,
IT1:29_348_DF_DCIS_PERMSOGG1_3(1.0),A,IT,RESPER,2,WORLD,ALL,LONGT,TOTAL,2,2020,496954,,,,,,,,,,,,,
IT1:29_348_DF_DCIS_PERMSOGG1_3(1.0),A,IT,RESPER,2,WORLD,ALL,LONGT,TOTAL,2,2021,461743,,,,,,,,,,,,,
IT1:29_348_DF_DCIS_PERMSOGG1_3(1.0),A,IT,RESPER,2,WORLD,ALL,LONGT,TOTAL,2,2022,530015,,,,,,,,,,,,,
IT1:29_348_DF_DCIS_PERMSOGG1_3(1.0),A,IT,RESPER,2,WORLD,ALL,LONGT,TOTAL,2,2023,510611,,,,,,,,,,,,,
IT1:29_348_DF_DCIS_PERMSOGG1_3(1.0),A,IT,RESPER,2,WORLD,ALL,LONGT,TOTAL,2,2024,485628,,,,,,,,,,,,,
IT1:29_348_DF_DCIS_PERMSOGG1_3(1.0),A,IT,RESPER,2,WORLD,ALL,LONGT,TOTAL,9,2015,21474,,,,,,,,,,,,,
IT1:29_348_DF_DCIS_PERMSOGG1_3(1.0),A,IT,RESPER,2,WORLD,ALL,LONGT,TOTAL,9,2016,22509,,,,,,,,,,,,,
IT1:29_348_DF_DCIS_PERMSOGG1_3(1.0),A,IT,RESPER,2,WORLD,ALL,LONGT,TOTAL,9,2017,23123,,,,,,,,,,,,,
IT1:29_348_DF_DCIS_PERMSOGG1_3(1.0),A,IT,RESPER,2,WORLD,ALL,LONGT,TOTAL,9,2018,23668,,,,,,,,,,,,,
IT1:29_348_DF_DCIS_PERMSOGG1_3(1.0),A,IT,RESPER,2,WORLD,ALL,LONGT,TOTAL,9,2019,23194,,,,,,,,,,,,,
IT1:29_348_DF_DCIS_PERMSOGG1_3(1.0),A,IT,RESPER,2,WORLD,ALL,LONGT,TOTAL,9,2020,23055,,,,,,,,,,,,,
IT1:29_348_DF_DCIS_PERMSOGG1_3(1.0),A,IT,RESPER,2,WORLD,ALL,LONGT,TOTAL,9,2021,21036,,,,,,,,,,,,,
IT1:29_348_DF_DCIS_PERMSOGG1_3(1.0),A,IT,RESPER,2,WORLD,ALL,LONGT,TOTAL,9,2022,26165,,,,,,,,,,,,,
IT1:29_348_DF_DCIS_PERMSOGG1_3(1.0),A,IT,RESPER,2,WORLD,ALL,LONGT,TOTAL,9,2023,24568,,,,,,,,,,,,,
IT1:29_348_DF_DCIS_PERMSOGG1_3(1.0),A,IT,RESPER,2,WORLD,ALL,LONGT,TOTAL,9,2024,21884,,,,,,,,,,,,,
IT1:29_348_DF_DCIS_PERMSOGG1_3(1.0),A,IT,RESPER,2,WORLD,ALL,LONGT,TOTAL,99,2015,1127212,,,,,,,,,,,,,
IT1:29_348_DF_DCIS_PERMSOGG1_3(1.0),A,IT,RESPER,2,WORLD,ALL,LONGT,TOTAL,99,2016,1174728,,,,,,,,,,,,,
IT1:29_348_DF_DCIS_PERMSOGG1_3(1.0),A,IT,RESPER,2,WORLD,ALL,LONGT,TOTAL,99,2017,1138817,,,,,,,,,,,,,
IT1:29_348_DF_DCIS_PERMSOGG1_3(1.0),A,IT,RESPER,2,WORLD,ALL,LONGT,TOTAL,99,2018,1158017,,,,,,,,,,,,,
IT1:29_348_DF_DCIS_PERMSOGG1_3(1.0),A,IT,RESPER,2,WORLD,ALL,LONGT,TOTAL,99,2019,1165806,,,,,,,,,,,,,
IT1:29_348_DF_DCIS_PERMSOGG1_3(1.0),A,IT,RESPER,2,WORLD,ALL,LONGT,TOTAL,99,2020,1152646,,,,,,,,,,,,,
IT1:29_348_DF_DCIS_PERMSOGG1_3(1.0),A,IT,RESPER,2,WORLD,ALL,LONGT,TOTAL,99,2021,1089054,,,,,,,,,,,,,
IT1:29_348_DF_DCIS_PERMSOGG1_3(1.0),A,IT,RESPER,2,WORLD,ALL,LONGT,TOTAL,99,2022,1194147,,,,,,,,,,,,,
IT1:29_348_DF_DCIS_PERMSOGG1_3(1.0),A,IT,RESPER,2,WORLD,ALL,LONGT,TOTAL,99,2023,1141209,,,,,,,,,,,,,
IT1:29_348_DF_DCIS_PERMSOGG1_3(1.0),A,IT,RESPER,2,WORLD,ALL,LONGT,TOTAL,99,2024,1082093,,,,,,,,,,,,,
IT1:29_348_DF_DCIS_PERMSOGG1_3(1.0),A,IT,RESPER,2,WORLD,ALL,NLONGT,TOTAL,1,2015,450860,,,,,,,,,,,,,
IT1:29_348_DF_DCIS_PERMSOGG1_3(1.0),A,IT,RESPER,2,WORLD,ALL,NLONGT,TOTAL,1,2016,417879,,,,,,,,,,,,,
IT1:29_348_DF_DCIS_PERMSOGG1_3(1.0),A,IT,RESPER,2,WORLD,ALL,NLONGT,TOTAL,1,2017,374856,,,,,,,,,,,,,
IT1:29_348_DF_DCIS_PERMSOGG1_3(1.0),A,IT,RESPER,2,WORLD,ALL,NLONGT,TOTAL,1,2018,365701,,,,,,,,,,,,,
IT1:29_348_DF_DCIS_PERMSOGG1_3(1.0),A,IT,RESPER,2,WORLD,ALL,NLONGT,TOTAL,1,2019,354825,,,,,,,,,,,,,
IT1:29_348_DF_DCIS_PERMSOGG1_3(1.0),A,IT,RESPER,2,WORLD,ALL,NLONGT,TOTAL,1,2020,352502,,,,,,,,,,,,,
IT1:29_348_DF_DCIS_PERMSOGG1_3(1.0),A,IT,RESPER,2,WORLD,ALL,NLONGT,TOTAL,1,2021,320008,,,,,,,,,,,,,
IT1:29_348_DF_DCIS_PERMSOGG1_3(1.0),A,IT,RESPER,2,WORLD,ALL,NLONGT,TOTAL,1,2022,340725,,,,,,,,,,,,,
IT1:29_348_DF_DCIS_PERMSOGG1_3(1.0),A,IT,RESPER,2,WORLD,ALL,NLONGT,TOTAL,1,2023,485559,,,,,,,,,,,,,
IT1:29_348_DF_DCIS_PERMSOGG1_3(1.0),A,IT,RESPER,2,WORLD,ALL,NLONGT,TOTAL,1,2024,483271,,,,,,,,,,,,,
IT1:29_348_DF_DCIS_PERMSOGG1_3(1.0),A,IT,RESPER,2,WORLD,ALL,NLONGT,TOTAL,2,2015,332862,,,,,,,,,,,,,
IT1:29_348_DF_DCIS_PERMSOGG1_3(1.0),A,IT,RESPER,2,WORLD,ALL,NLONGT,TOTAL,2,2016,312682,,,,,,,,,,,,,
IT1:29_348_DF_DCIS_PERMSOGG1_3(1.0),A,IT,RESPER,2,WORLD,ALL,NLONGT,TOTAL,2,2017,279645,,,,,,,,,,,,,
IT1:29_348_DF_DCIS_PERMSOGG1_3(1.0),A,IT,RESPER,2,WORLD,ALL,NLONGT,TOTAL,2,2018,261452,,,,,,,,,,,,,
IT1:29_348_DF_DCIS_PERMSOGG1_3(1.0),A,IT,RESPER,2,WORLD,ALL,NLONGT,TOTAL,2,2019,265024,,,,,,,,,,,,,
IT1:29_348_DF_DCIS_PERMSOGG1_3(1.0),A,IT,RESPER,2,WORLD,ALL,NLONGT,TOTAL,2,2020,260300,,,,,,,,,,,,,
IT1:29_348_DF_DCIS_PERMSOGG1_3(1.0),A,IT,RESPER,2,WORLD,ALL,NLONGT,TOTAL,2,2021,253879,,,,,,,,,,,,,
IT1:29_348_DF_DCIS_PERMSOGG1_3(1.0),A,IT,RESPER,2,WORLD,ALL,NLONGT,TOTAL,2,2022,206076,,,,,,,,,,,,,
IT1:29_348_DF_DCIS_PERMSOGG1_3(1.0),A,IT,RESPER,2,WORLD,ALL,NLONGT,TOTAL,2,2023,222871,,,,,,,,,,,,,
IT1:29_348_DF_DCIS_PERMSOGG1_3(1.0),A,IT,RESPER,2,WORLD,ALL,NLONGT,TOTAL,2,2024,203650,,,,,,,,,,,,,
IT1:29_348_DF_DCIS_PERMSOGG1_3(1.0),A,IT,RESPER,2,WORLD,ALL,NLONGT,TOTAL,9,2015,11494,,,,,,,,,,,,,
IT1:29_348_DF_DCIS_PERMSOGG1_3(1.0),A,IT,RESPER,2,WORLD,ALL,NLONGT,TOTAL,9,2016,10397,,,,,,,,,,,,,
IT1:29_348_DF_DCIS_PERMSOGG1_3(1.0),A,IT,RESPER,2,WORLD,ALL,NLONGT,TOTAL,9,2017,9571,,,,,,,,,,,,,
IT1:29_348_DF_DCIS_PERMSOGG1_3(1.0),A,IT,RESPER,2,WORLD,ALL,NLONGT,TOTAL,9,2018,9112,,,,,,,,,,,,,
IT1:29_348_DF_DCIS_PERMSOGG1_3(1.0),A,IT,RESPER,2,WORLD,ALL,NLONGT,TOTAL,9,2019,8632,,,,,,,,,,,,,
IT1:29_348_DF_DCIS_PERMSOGG1_3(1.0),A,IT,RESPER,2,WORLD,ALL,NLONGT,TOTAL,9,2020,8048,,,,,,,,,,,,,
IT1:29_348_DF_DCIS_PERMSOGG1_3(1.0),A,IT,RESPER,2,WORLD,ALL,NLONGT,TOTAL,9,2021,8677,,,,,,,,,,,,,
IT1:29_348_DF_DCIS_PERMSOGG1_3(1.0),A,IT,RESPER,2,WORLD,ALL,NLONGT,TOTAL,9,2022,4237,,,,,,,,,,,,,
IT1:29_348_DF_DCIS_PERMSOGG1_3(1.0),A,IT,RESPER,2,WORLD,ALL,NLONGT,TOTAL,9,2023,7080,,,,,,,,,,,,,
IT1:29_348_DF_DCIS_PERMSOGG1_3(1.0),A,IT,RESPER,2,WORLD,ALL,NLONGT,TOTAL,9,2024,7377,,,,,,,,,,,,,
IT1:29_348_DF_DCIS_PERMSOGG1_3(1.0),A,IT,RESPER,2,WORLD,ALL,NLONGT,TOTAL,99,2015,795216,,,,,,,,,,,,,
IT1:29_348_DF_DCIS_PERMSOGG1_3(1.0),A,IT,RESPER,2,WORLD,ALL,NLONGT,TOTAL,99,2016,740958,,,,,,,,,,,,,
IT1:29_348_DF_DCIS_PERMSOGG1_3(1.0),A,IT,RESPER,2,WORLD,ALL,NLONGT,TOTAL,99,2017,664072,,,,,,,,,,,,,
IT1:29_348_DF_DCIS_PERMSOGG1_3(1.0),A,IT,RESPER,2,WORLD,ALL,NLONGT,TOTAL,99,2018,636265,,,,,,,,,,,,,
IT1:29_348_DF_DCIS_PERMSOGG1_3(1.0),A,IT,RESPER,2,WORLD,ALL,NLONGT,TOTAL,99,2019,628481,,,,,,,,,,,,,
IT1:29_348_DF_DCIS_PERMSOGG1_3(1.0),A,IT,RESPER,2,WORLD,ALL,NLONGT,TOTAL,99,2020,620850,,,,,,,,,,,,,
IT1:29_348_DF_DCIS_PERMSOGG1_3(1.0),A,IT,RESPER,2,WORLD,ALL,NLONGT,TOTAL,99,2021,582564,,,,,,,,,,,,,
IT1:29_348_DF_DCIS_PERMSOGG1_3(1.0),A,IT,RESPER,2,WORLD,ALL,NLONGT,TOTAL,99,2022,551038,,,,,,,,,,,,,
IT1:29_348_DF_DCIS_PERMSOGG1_3(1.0),A,IT,RESPER,2,WORLD,ALL,NLONGT,TOTAL,99,2023,715510,,,,,,,,,,,,,
IT1:29_348_DF_DCIS_PERMSOGG1_3(1.0),A,IT,RESPER,2,WORLD,ALL,NLONGT,TOTAL,99,2024,694298,,,,,,,,,,,,,
IT1:29_348_DF_DCIS_PERMSOGG1_3(1.0),A,IT,RESPER,2,WORLD,ALL,TOTAL,TOTAL,1,2015,1052931,,,,,,,,,,,,,
IT1:29_348_DF_DCIS_PERMSOGG1_3(1.0),A,IT,RESPER,2,WORLD,ALL,TOTAL,TOTAL,1,2016,1054659,,,,,,,,,,,,,
IT1:29_348_DF_DCIS_PERMSOGG1_3(1.0),A,IT,RESPER,2,WORLD,ALL,TOTAL,TOTAL,1,2017,975333,,,,,,,,,,,,,
IT1:29_348_DF_DCIS_PERMSOGG1_3(1.0),A,IT,RESPER,2,WORLD,ALL,TOTAL,TOTAL,1,2018,992572,,,,,,,,,,,,,
IT1:29_348_DF_DCIS_PERMSOGG1_3(1.0),A,IT,RESPER,2,WORLD,ALL,TOTAL,TOTAL,1,2019,993085,,,,,,,,,,,,,
IT1:29_348_DF_DCIS_PERMSOGG1_3(1.0),A,IT,RESPER,2,WORLD,ALL,TOTAL,TOTAL,1,2020,985139,,,,,,,,,,,,,
IT1:29_348_DF_DCIS_PERMSOGG1_3(1.0),A,IT,RESPER,2,WORLD,ALL,TOTAL,TOTAL,1,2021,926283,,,,,,,,,,,,,
IT1:29_348_DF_DCIS_PERMSOGG1_3(1.0),A,IT,RESPER,2,WORLD,ALL,TOTAL,TOTAL,1,2022,978692,,,,,,,,,,,,,
IT1:29_348_DF_DCIS_PERMSOGG1_3(1.0),A,IT,RESPER,2,WORLD,ALL,TOTAL,TOTAL,1,2023,1091589,,,,,,,,,,,,,
IT1:29_348_DF_DCIS_PERMSOGG1_3(1.0),A,IT,RESPER,2,WORLD,ALL,TOTAL,TOTAL,1,2024,1057852,,,,,,,,,,,,,
IT1:29_348_DF_DCIS_PERMSOGG1_3(1.0),A,IT,RESPER,2,WORLD,ALL,TOTAL,TOTAL,2,2015,836529,,,,,,,,,,,,,
IT1:29_348_DF_DCIS_PERMSOGG1_3(1.0),A,IT,RESPER,2,WORLD,ALL,TOTAL,TOTAL,2,2016,828121,,,,,,,,,,,,,
IT1:29_348_DF_DCIS_PERMSOGG1_3(1.0),A,IT,RESPER,2,WORLD,ALL,TOTAL,TOTAL,2,2017,794862,,,,,,,,,,,,,
IT1:29_348_DF_DCIS_PERMSOGG1_3(1.0),A,IT,RESPER,2,WORLD,ALL,TOTAL,TOTAL,2,2018,768930,,,,,,,,,,,,,
IT1:29_348_DF_DCIS_PERMSOGG1_3(1.0),A,IT,RESPER,2,WORLD,ALL,TOTAL,TOTAL,2,2019,769376,,,,,,,,,,,,,
IT1:29_348_DF_DCIS_PERMSOGG1_3(1.0),A,IT,RESPER,2,WORLD,ALL,TOTAL,TOTAL,2,2020,757254,,,,,,,,,,,,,
IT1:29_348_DF_DCIS_PERMSOGG1_3(1.0),A,IT,RESPER,2,WORLD,ALL,TOTAL,TOTAL,2,2021,715622,,,,,,,,,,,,,
IT1:29_348_DF_DCIS_PERMSOGG1_3(1.0),A,IT,RESPER,2,WORLD,ALL,TOTAL,TOTAL,2,2022,736091,,,,,,,,,,,,,
IT1:29_348_DF_DCIS_PERMSOGG1_3(1.0),A,IT,RESPER,2,WORLD,ALL,TOTAL,TOTAL,2,2023,733482,,,,,,,,,,,,,
IT1:29_348_DF_DCIS_PERMSOGG1_3(1.0),A,IT,RESPER,2,WORLD,ALL,TOTAL,TOTAL,2,2024,689278,,,,,,,,,,,,,
IT1:29_348_DF_DCIS_PERMSOGG1_3(1.0),A,IT,RESPER,2,WORLD,ALL,TOTAL,TOTAL,9,2015,32968,,,,,,,,,,,,,
IT1:29_348_DF_DCIS_PERMSOGG1_3(1.0),A,IT,RESPER,2,WORLD,ALL,TOTAL,TOTAL,9,2016,32906,,,,,,,,,,,,,
IT1:29_348_DF_DCIS_PERMSOGG1_3(1.0),A,IT,RESPER,2,WORLD,ALL,TOTAL,TOTAL,9,2017,32694,,,,,,,,,,,,,
IT1:29_348_DF_DCIS_PERMSOGG1_3(1.0),A,IT,RESPER,2,WORLD,ALL,TOTAL,TOTAL,9,2018,32780,,,,,,,,,,,,,
IT1:29_348_DF_DCIS_PERMSOGG1_3(1.0),A,IT,RESPER,2,WORLD,ALL,TOTAL,TOTAL,9,2019,31826,,,,,,,,,,,,,
IT1:29_348_DF_DCIS_PERMSOGG1_3(1.0),A,IT,RESPER,2,WORLD,ALL,TOTAL,TOTAL,9,2020,31103,,,,,,,,,,,,,
IT1:29_348_DF_DCIS_PERMSOGG1_3(1.0),A,IT,RESPER,2,WORLD,ALL,TOTAL,TOTAL,9,2021,29713,,,,,,,,,,,,,
IT1:29_348_DF_DCIS_PERMSOGG1_3(1.0),A,IT,RESPER,2,WORLD,ALL,TOTAL,TOTAL,9,2022,30402,,,,,,,,,,,,,
IT1:29_348_DF_DCIS_PERMSOGG1_3(1.0),A,IT,RESPER,2,WORLD,ALL,TOTAL,TOTAL,9,2023,31648,,,,,,,,,,,,,
IT1:29_348_DF_DCIS_PERMSOGG1_3(1.0),A,IT,RESPER,2,WORLD,ALL,TOTAL,TOTAL,9,2024,29261,,,,,,,,,,,,,
IT1:29_348_DF_DCIS_PERMSOGG1_3(1.0),A,IT,RESPER,2,WORLD,ALL,TOTAL,TOTAL,99,2015,1922428,,,,,,,,,,,,,
IT1:29_348_DF_DCIS_PERMSOGG1_3(1.0),A,IT,RESPER,2,WORLD,ALL,TOTAL,TOTAL,99,2016,1915686,,,,,,,,,,,,,
IT1:29_348_DF_DCIS_PERMSOGG1_3(1.0),A,IT,RESPER,2,WORLD,ALL,TOTAL,TOTAL,99,2017,1802889,,,,,,,,,,,,,
IT1:29_348_DF_DCIS_PERMSOGG1_3(1.0),A,IT,RESPER,2,WORLD,ALL,TOTAL,TOTAL,99,2018,1794282,,,,,,,,,,,,,
IT1:29_348_DF_DCIS_PERMSOGG1_3(1.0),A,IT,RESPER,2,WORLD,ALL,TOTAL,TOTAL,99,2019,1794287,,,,,,,,,,,,,
IT1:29_348_DF_DCIS_PERMSOGG1_3(1.0),A,IT,RESPER,2,WORLD,ALL,TOTAL,TOTAL,99,2020,1773496,,,,,,,,,,,,,
IT1:29_348_DF_DCIS_PERMSOGG1_3(1.0),A,IT,RESPER,2,WORLD,ALL,TOTAL,TOTAL,99,2021,1671618,,,,,,,,,,,,,
IT1:29_348_DF_DCIS_PERMSOGG1_3(1.0),A,IT,RESPER,2,WORLD,ALL,TOTAL,TOTAL,99,2022,1745185,,,,,,,,,,,,,
IT1:29_348_DF_DCIS_PERMSOGG1_3(1.0),A,IT,RESPER,2,WORLD,ALL,TOTAL,TOTAL,99,2023,1856719,,,,,,,,,,,,,
IT1:29_348_DF_DCIS_PERMSOGG1_3(1.0),A,IT,RESPER,2,WORLD,ALL,TOTAL,TOTAL,99,2024,1776391,,,,,,,,,,,,,
IT1:29_348_DF_DCIS_PERMSOGG1_3(1.0),A,IT,RESPER,9,WORLD,ALL,LONGT,TOTAL,1,2015,1215321,,,,,,,,,,,,,
IT1:29_348_DF_DCIS_PERMSOGG1_3(1.0),A,IT,RESPER,9,WORLD,ALL,LONGT,TOTAL,1,2016,1282866,,,,,,,,,,,,,
IT1:29_348_DF_DCIS_PERMSOGG1_3(1.0),A,IT,RESPER,9,WORLD,ALL,LONGT,TOTAL,1,2017,1202509,,,,,,,,,,,,,
IT1:29_348_DF_DCIS_PERMSOGG1_3(1.0),A,IT,RESPER,9,WORLD,ALL,LONGT,TOTAL,1,2018,1255035,,,,,,,,,,,,,
IT1:29_348_DF_DCIS_PERMSOGG1_3(1.0),A,IT,RESPER,9,WORLD,ALL,LONGT,TOTAL,1,2019,1276308,,,,,,,,,,,,,
IT1:29_348_DF_DCIS_PERMSOGG1_3(1.0),A,IT,RESPER,9,WORLD,ALL,LONGT,TOTAL,1,2020,1256769,,,,,,,,,,,,,
IT1:29_348_DF_DCIS_PERMSOGG1_3(1.0),A,IT,RESPER,9,WORLD,ALL,LONGT,TOTAL,1,2021,1206197,,,,,,,,,,,,,
IT1:29_348_DF_DCIS_PERMSOGG1_3(1.0),A,IT,RESPER,9,WORLD,ALL,LONGT,TOTAL,1,2022,1264276,,,,,,,,,,,,,
IT1:29_348_DF_DCIS_PERMSOGG1_3(1.0),A,IT,RESPER,9,WORLD,ALL,LONGT,TOTAL,1,2023,1202724,,,,,,,,,,,,,
IT1:29_348_DF_DCIS_PERMSOGG1_3(1.0),A,IT,RESPER,9,WORLD,ALL,LONGT,TOTAL,1,2024,1141792,,,,,,,,,,,,,
IT1:29_348_DF_DCIS_PERMSOGG1_3(1.0),A,IT,RESPER,9,WORLD,ALL,LONGT,TOTAL,2,2015,1008964,,,,,,,,,,,,,
IT1:29_348_DF_DCIS_PERMSOGG1_3(1.0),A,IT,RESPER,9,WORLD,ALL,LONGT,TOTAL,2,2016,1029937,,,,,,,,,,,,,
IT1:29_348_DF_DCIS_PERMSOGG1_3(1.0),A,IT,RESPER,9,WORLD,ALL,LONGT,TOTAL,2,2017,1026695,,,,,,,,,,,,,
IT1:29_348_DF_DCIS_PERMSOGG1_3(1.0),A,IT,RESPER,9,WORLD,ALL,LONGT,TOTAL,2,2018,1011242,,,,,,,,,,,,,
IT1:29_348_DF_DCIS_PERMSOGG1_3(1.0),A,IT,RESPER,9,WORLD,ALL,LONGT,TOTAL,2,2019,1012281,,,,,,,,,,,,,
IT1:29_348_DF_DCIS_PERMSOGG1_3(1.0),A,IT,RESPER,9,WORLD,ALL,LONGT,TOTAL,2,2020,999330,,,,,,,,,,,,,
IT1:29_348_DF_DCIS_PERMSOGG1_3(1.0),A,IT,RESPER,9,WORLD,ALL,LONGT,TOTAL,2,2021,943328,,,,,,,,,,,,,
IT1:29_348_DF_DCIS_PERMSOGG1_3(1.0),A,IT,RESPER,9,WORLD,ALL,LONGT,TOTAL,2,2022,1047829,,,,,,,,,,,,,
IT1:29_348_DF_DCIS_PERMSOGG1_3(1.0),A,IT,RESPER,9,WORLD,ALL,LONGT,TOTAL,2,2023,1010275,,,,,,,,,,,,,
IT1:29_348_DF_DCIS_PERMSOGG1_3(1.0),A,IT,RESPER,9,WORLD,ALL,LONGT,TOTAL,2,2024,971964,,,,,,,,,,,,,
IT1:29_348_DF_DCIS_PERMSOGG1_3(1.0),A,IT,RESPER,9,WORLD,ALL,LONGT,TOTAL,9,2015,24462,,,,,,,,,,,,,
IT1:29_348_DF_DCIS_PERMSOGG1_3(1.0),A,IT,RESPER,9,WORLD,ALL,LONGT,TOTAL,9,2016,25632,,,,,,,,,,,,,
IT1:29_348_DF_DCIS_PERMSOGG1_3(1.0),A,IT,RESPER,9,WORLD,ALL,LONGT,TOTAL,9,2017,26277,,,,,,,,,,,,,
IT1:29_348_DF_DCIS_PERMSOGG1_3(1.0),A,IT,RESPER,9,WORLD,ALL,LONGT,TOTAL,9,2018,26882,,,,,,,,,,,,,
IT1:29_348_DF_DCIS_PERMSOGG1_3(1.0),A,IT,RESPER,9,WORLD,ALL,LONGT,TOTAL,9,2019,26227,,,,,,,,,,,,,
IT1:29_348_DF_DCIS_PERMSOGG1_3(1.0),A,IT,RESPER,9,WORLD,ALL,LONGT,TOTAL,9,2020,26062,,,,,,,,,,,,,
IT1:29_348_DF_DCIS_PERMSOGG1_3(1.0),A,IT,RESPER,9,WORLD,ALL,LONGT,TOTAL,9,2021,23802,,,,,,,,,,,,,
IT1:29_348_DF_DCIS_PERMSOGG1_3(1.0),A,IT,RESPER,9,WORLD,ALL,LONGT,TOTAL,9,2022,29752,,,,,,,,,,,,,
IT1:29_348_DF_DCIS_PERMSOGG1_3(1.0),A,IT,RESPER,9,WORLD,ALL,LONGT,TOTAL,9,2023,27907,,,,,,,,,,,,,
IT1:29_348_DF_DCIS_PERMSOGG1_3(1.0),A,IT,RESPER,9,WORLD,ALL,LONGT,TOTAL,9,2024,25049,,,,,,,,,,,,,
IT1:29_348_DF_DCIS_PERMSOGG1_3(1.0),A,IT,RESPER,9,WORLD,ALL,LONGT,TOTAL,99,2015,2248747,,,,,,,,,,,,,
IT1:29_348_DF_DCIS_PERMSOGG1_3(1.0),A,IT,RESPER,9,WORLD,ALL,LONGT,TOTAL,99,2016,2338435,,,,,,,,,,,,,
IT1:29_348_DF_DCIS_PERMSOGG1_3(1.0),A,IT,RESPER,9,WORLD,ALL,LONGT,TOTAL,99,2017,2255481,,,,,,,,,,,,,
IT1:29_348_DF_DCIS_PERMSOGG1_3(1.0),A,IT,RESPER,9,WORLD,ALL,LONGT,TOTAL,99,2018,2293159,,,,,,,,,,,,,
IT1:29_348_DF_DCIS_PERMSOGG1_3(1.0),A,IT,RESPER,9,WORLD,ALL,LONGT,TOTAL,99,2019,2314816,,,,,,,,,,,,,
IT1:29_348_DF_DCIS_PERMSOGG1_3(1.0),A,IT,RESPER,9,WORLD,ALL,LONGT,TOTAL,99,2020,2282161,,,,,,,,,,,,,
IT1:29_348_DF_DCIS_PERMSOGG1_3(1.0),A,IT,RESPER,9,WORLD,ALL,LONGT,TOTAL,99,2021,2173327,,,,,,,,,,,,,
IT1:29_348_DF_DCIS_PERMSOGG1_3(1.0),A,IT,RESPER,9,WORLD,ALL,LONGT,TOTAL,99,2022,2341857,,,,,,,,,,,,,
IT1:29_348_DF_DCIS_PERMSOGG1_3(1.0),A,IT,RESPER,9,WORLD,ALL,LONGT,TOTAL,99,2023,2240906,,,,,,,,,,,,,
IT1:29_348_DF_DCIS_PERMSOGG1_3(1.0),A,IT,RESPER,9,WORLD,ALL,LONGT,TOTAL,99,2024,2138805,,,,,,,,,,,,,
IT1:29_348_DF_DCIS_PERMSOGG1_3(1.0),A,IT,RESPER,9,WORLD,ALL,NLONGT,TOTAL,1,2015,1050120,,,,,,,,,,,,,
IT1:29_348_DF_DCIS_PERMSOGG1_3(1.0),A,IT,RESPER,9,WORLD,ALL,NLONGT,TOTAL,1,2016,1003811,,,,,,,,,,,,,
IT1:29_348_DF_DCIS_PERMSOGG1_3(1.0),A,IT,RESPER,9,WORLD,ALL,NLONGT,TOTAL,1,2017,936432,,,,,,,,,,,,,
IT1:29_348_DF_DCIS_PERMSOGG1_3(1.0),A,IT,RESPER,9,WORLD,ALL,NLONGT,TOTAL,1,2018,942038,,,,,,,,,,,,,
IT1:29_348_DF_DCIS_PERMSOGG1_3(1.0),A,IT,RESPER,9,WORLD,ALL,NLONGT,TOTAL,1,2019,926299,,,,,,,,,,,,,
IT1:29_348_DF_DCIS_PERMSOGG1_3(1.0),A,IT,RESPER,9,WORLD,ALL,NLONGT,TOTAL,1,2020,880031,,,,,,,,,,,,,
IT1:29_348_DF_DCIS_PERMSOGG1_3(1.0),A,IT,RESPER,9,WORLD,ALL,NLONGT,TOTAL,1,2021,773762,,,,,,,,,,,,,
IT1:29_348_DF_DCIS_PERMSOGG1_3(1.0),A,IT,RESPER,9,WORLD,ALL,NLONGT,TOTAL,1,2022,857175,,,,,,,,,,,,,
IT1:29_348_DF_DCIS_PERMSOGG1_3(1.0),A,IT,RESPER,9,WORLD,ALL,NLONGT,TOTAL,1,2023,1098279,,,,,,,,,,,,,
IT1:29_348_DF_DCIS_PERMSOGG1_3(1.0),A,IT,RESPER,9,WORLD,ALL,NLONGT,TOTAL,1,2024,1112887,,,,,,,,,,,,,
IT1:29_348_DF_DCIS_PERMSOGG1_3(1.0),A,IT,RESPER,9,WORLD,ALL,NLONGT,TOTAL,2,2015,617651,,,,,,,,,,,,,
IT1:29_348_DF_DCIS_PERMSOGG1_3(1.0),A,IT,RESPER,9,WORLD,ALL,NLONGT,TOTAL,2,2016,576670,,,,,,,,,,,,,
IT1:29_348_DF_DCIS_PERMSOGG1_3(1.0),A,IT,RESPER,9,WORLD,ALL,NLONGT,TOTAL,2,2017,510859,,,,,,,,,,,,,
IT1:29_348_DF_DCIS_PERMSOGG1_3(1.0),A,IT,RESPER,9,WORLD,ALL,NLONGT,TOTAL,2,2018,468824,,,,,,,,,,,,,
IT1:29_348_DF_DCIS_PERMSOGG1_3(1.0),A,IT,RESPER,9,WORLD,ALL,NLONGT,TOTAL,2,2019,465950,,,,,,,,,,,,,
IT1:29_348_DF_DCIS_PERMSOGG1_3(1.0),A,IT,RESPER,9,WORLD,ALL,NLONGT,TOTAL,2,2020,444035,,,,,,,,,,,,,
IT1:29_348_DF_DCIS_PERMSOGG1_3(1.0),A,IT,RESPER,9,WORLD,ALL,NLONGT,TOTAL,2,2021,416583,,,,,,,,,,,,,
IT1:29_348_DF_DCIS_PERMSOGG1_3(1.0),A,IT,RESPER,9,WORLD,ALL,NLONGT,TOTAL,2,2022,357269,,,,,,,,,,,,,
IT1:29_348_DF_DCIS_PERMSOGG1_3(1.0),A,IT,RESPER,9,WORLD,ALL,NLONGT,TOTAL,2,2023,380141,,,,,,,,,,,,,
IT1:29_348_DF_DCIS_PERMSOGG1_3(1.0),A,IT,RESPER,9,WORLD,ALL,NLONGT,TOTAL,2,2024,346802,,,,,,,,,,,,,
IT1:29_348_DF_DCIS_PERMSOGG1_3(1.0),A,IT,RESPER,9,WORLD,ALL,NLONGT,TOTAL,9,2015,13398,,,,,,,,,,,,,
IT1:29_348_DF_DCIS_PERMSOGG1_3(1.0),A,IT,RESPER,9,WORLD,ALL,NLONGT,TOTAL,9,2016,12217,,,,,,,,,,,,,
IT1:29_348_DF_DCIS_PERMSOGG1_3(1.0),A,IT,RESPER,9,WORLD,ALL,NLONGT,TOTAL,9,2017,11365,,,,,,,,,,,,,
IT1:29_348_DF_DCIS_PERMSOGG1_3(1.0),A,IT,RESPER,9,WORLD,ALL,NLONGT,TOTAL,9,2018,10913,,,,,,,,,,,,,
IT1:29_348_DF_DCIS_PERMSOGG1_3(1.0),A,IT,RESPER,9,WORLD,ALL,NLONGT,TOTAL,9,2019,10341,,,,,,,,,,,,,
IT1:29_348_DF_DCIS_PERMSOGG1_3(1.0),A,IT,RESPER,9,WORLD,ALL,NLONGT,TOTAL,9,2020,9599,,,,,,,,,,,,,
IT1:29_348_DF_DCIS_PERMSOGG1_3(1.0),A,IT,RESPER,9,WORLD,ALL,NLONGT,TOTAL,9,2021,10204,,,,,,,,,,,,,
IT1:29_348_DF_DCIS_PERMSOGG1_3(1.0),A,IT,RESPER,9,WORLD,ALL,NLONGT,TOTAL,9,2022,5239,,,,,,,,,,,,,
IT1:29_348_DF_DCIS_PERMSOGG1_3(1.0),A,IT,RESPER,9,WORLD,ALL,NLONGT,TOTAL,9,2023,8380,,,,,,,,,,,,,
IT1:29_348_DF_DCIS_PERMSOGG1_3(1.0),A,IT,RESPER,9,WORLD,ALL,NLONGT,TOTAL,9,2024,8666,,,,,,,,,,,,,
IT1:29_348_DF_DCIS_PERMSOGG1_3(1.0),A,IT,RESPER,9,WORLD,ALL,NLONGT,TOTAL,99,2015,1681169,,,,,,,,,,,,,
IT1:29_348_DF_DCIS_PERMSOGG1_3(1.0),A,IT,RESPER,9,WORLD,ALL,NLONGT,TOTAL,99,2016,1592698,,,,,,,,,,,,,
IT1:29_348_DF_DCIS_PERMSOGG1_3(1.0),A,IT,RESPER,9,WORLD,ALL,NLONGT,TOTAL,99,2017,1458656,,,,,,,,,,,,,
IT1:29_348_DF_DCIS_PERMSOGG1_3(1.0),A,IT,RESPER,9,WORLD,ALL,NLONGT,TOTAL,99,2018,1421775,,,,,,,,,,,,,
IT1:29_348_DF_DCIS_PERMSOGG1_3(1.0),A,IT,RESPER,9,WORLD,ALL,NLONGT,TOTAL,99,2019,1402590,,,,,,,,,,,,,
IT1:29_348_DF_DCIS_PERMSOGG1_3(1.0),A,IT,RESPER,9,WORLD,ALL,NLONGT,TOTAL,99,2020,1333665,,,,,,,,,,,,,
IT1:29_348_DF_DCIS_PERMSOGG1_3(1.0),A,IT,RESPER,9,WORLD,ALL,NLONGT,TOTAL,99,2021,1200549,,,,,,,,,,,,,
IT1:29_348_DF_DCIS_PERMSOGG1_3(1.0),A,IT,RESPER,9,WORLD,ALL,NLONGT,TOTAL,99,2022,1219683,,,,,,,,,,,,,
IT1:29_348_DF_DCIS_PERMSOGG1_3(1.0),A,IT,RESPER,9,WORLD,ALL,NLONGT,TOTAL,99,2023,1486800,,,,,,,,,,,,,
IT1:29_348_DF_DCIS_PERMSOGG1_3(1.0),A,IT,RESPER,9,WORLD,ALL,NLONGT,TOTAL,99,2024,1468355,,,,,,,,,,,,,
IT1:29_348_DF_DCIS_PERMSOGG1_3(1.0),A,IT,RESPER,9,WORLD,ALL,TOTAL,TOTAL,1,2015,2265441,,,,,,,,,,,,,
IT1:29_348_DF_DCIS_PERMSOGG1_3(1.0),A,IT,RESPER,9,WORLD,ALL,TOTAL,TOTAL,1,2016,2286677,,,,,,,,,,,,,
IT1:29_348_DF_DCIS_PERMSOGG1_3(1.0),A,IT,RESPER,9,WORLD,ALL,TOTAL,TOTAL,1,2017,2138941,,,,,,,,,,,,,
IT1:29_348_DF_DCIS_PERMSOGG1_3(1.0),A,IT,RESPER,9,WORLD,ALL,TOTAL,TOTAL,1,2018,2197073,,,,,,,,,,,,,
IT1:29_348_DF_DCIS_PERMSOGG1_3(1.0),A,IT,RESPER,9,WORLD,ALL,TOTAL,TOTAL,1,2019,2202607,,,,,,,,,,,,,
IT1:29_348_DF_DCIS_PERMSOGG1_3(1.0),A,IT,RESPER,9,WORLD,ALL,TOTAL,TOTAL,1,2020,2136800,,,,,,,,,,,,,
IT1:29_348_DF_DCIS_PERMSOGG1_3(1.0),A,IT,RESPER,9,WORLD,ALL,TOTAL,TOTAL,1,2021,1979959,,,,,,,,,,,,,
IT1:29_348_DF_DCIS_PERMSOGG1_3(1.0),A,IT,RESPER,9,WORLD,ALL,TOTAL,TOTAL,1,2022,2121451,,,,,,,,,,,,,
IT1:29_348_DF_DCIS_PERMSOGG1_3(1.0),A,IT,RESPER,9,WORLD,ALL,TOTAL,TOTAL,1,2023,2301003,,,,,,,,,,,,,
IT1:29_348_DF_DCIS_PERMSOGG1_3(1.0),A,IT,RESPER,9,WORLD,ALL,TOTAL,TOTAL,1,2024,2254679,,,,,,,,,,,,,
IT1:29_348_DF_DCIS_PERMSOGG1_3(1.0),A,IT,RESPER,9,WORLD,ALL,TOTAL,TOTAL,2,2015,1626615,,,,,,,,,,,,,
IT1:29_348_DF_DCIS_PERMSOGG1_3(1.0),A,IT,RESPER,9,WORLD,ALL,TOTAL,TOTAL,2,2016,1606607,,,,,,,,,,,,,
IT1:29_348_DF_DCIS_PERMSOGG1_3(1.0),A,IT,RESPER,9,WORLD,ALL,TOTAL,TOTAL,2,2017,1537554,,,,,,,,,,,,,
IT1:29_348_DF_DCIS_PERMSOGG1_3(1.0),A,IT,RESPER,9,WORLD,ALL,TOTAL,TOTAL,2,2018,1480066,,,,,,,,,,,,,
IT1:29_348_DF_DCIS_PERMSOGG1_3(1.0),A,IT,RESPER,9,WORLD,ALL,TOTAL,TOTAL,2,2019,1478231,,,,,,,,,,,,,
IT1:29_348_DF_DCIS_PERMSOGG1_3(1.0),A,IT,RESPER,9,WORLD,ALL,TOTAL,TOTAL,2,2020,1443365,,,,,,,,,,,,,
IT1:29_348_DF_DCIS_PERMSOGG1_3(1.0),A,IT,RESPER,9,WORLD,ALL,TOTAL,TOTAL,2,2021,1359911,,,,,,,,,,,,,
IT1:29_348_DF_DCIS_PERMSOGG1_3(1.0),A,IT,RESPER,9,WORLD,ALL,TOTAL,TOTAL,2,2022,1405098,,,,,,,,,,,,,
IT1:29_348_DF_DCIS_PERMSOGG1_3(1.0),A,IT,RESPER,9,WORLD,ALL,TOTAL,TOTAL,2,2023,1390416,,,,,,,,,,,,,
IT1:29_348_DF_DCIS_PERMSOGG1_3(1.0),A,IT,RESPER,9,WORLD,ALL,TOTAL,TOTAL,2,2024,1318766,,,,,,,,,,,,,
IT1:29_348_DF_DCIS_PERMSOGG1_3(1.0),A,IT,RESPER,9,WORLD,ALL,TOTAL,TOTAL,9,2015,37860,,,,,,,,,,,,,
IT1:29_348_DF_DCIS_PERMSOGG1_3(1.0),A,IT,RESPER,9,WORLD,ALL,TOTAL,TOTAL,9,2016,37849,,,,,,,,,,,,,
IT1:29_348_DF_DCIS_PERMSOGG1_3(1.0),A,IT,RESPER,9,WORLD,ALL,TOTAL,TOTAL,9,2017,37642,,,,,,,,,,,,,
IT1:29_348_DF_DCIS_PERMSOGG1_3(1.0),A,IT,RESPER,9,WORLD,ALL,TOTAL,TOTAL,9,2018,37795,,,,,,,,,,,,,
IT1:29_348_DF_DCIS_PERMSOGG1_3(1.0),A,IT,RESPER,9,WORLD,ALL,TOTAL,TOTAL,9,2019,36568,,,,,,,,,,,,,
IT1:29_348_DF_DCIS_PERMSOGG1_3(1.0),A,IT,RESPER,9,WORLD,ALL,TOTAL,TOTAL,9,2020,35661,,,,,,,,,,,,,
IT1:29_348_DF_DCIS_PERMSOGG1_3(1.0),A,IT,RESPER,9,WORLD,ALL,TOTAL,TOTAL,9,2021,34006,,,,,,,,,,,,,
IT1:29_348_DF_DCIS_PERMSOGG1_3(1.0),A,IT,RESPER,9,WORLD,ALL,TOTAL,TOTAL,9,2022,34991,,,,,,,,,,,,,
IT1:29_348_DF_DCIS_PERMSOGG1_3(1.0),A,IT,RESPER,9,WORLD,ALL,TOTAL,TOTAL,9,2023,36287,,,,,,,,,,,,,
IT1:29_348_DF_DCIS_PERMSOGG1_3(1.0),A,IT,RESPER,9,WORLD,ALL,TOTAL,TOTAL,9,2024,33715,,,,,,,,,,,,,
IT1:29_348_DF_DCIS_PERMSOGG1_3(1.0),A,IT,RESPER,9,WORLD,ALL,TOTAL,TOTAL,99,2015,3929916,,,,,,,,,,,,,
IT1:29_348_DF_DCIS_PERMSOGG1_3(1.0),A,IT,RESPER,9,WORLD,ALL,TOTAL,TOTAL,99,2016,3931133,,,,,,,,,,,,,
IT1:29_348_DF_DCIS_PERMSOGG1_3(1.0),A,IT,RESPER,9,WORLD,ALL,TOTAL,TOTAL,99,2017,3714137,,,,,,,,,,,,,
IT1:29_348_DF_DCIS_PERMSOGG1_3(1.0),A,IT,RESPER,9,WORLD,ALL,TOTAL,TOTAL,99,2018,3714934,,,,,,,,,,,,,
IT1:29_348_DF_DCIS_PERMSOGG1_3(1.0),A,IT,RESPER,9,WORLD,ALL,TOTAL,TOTAL,99,2019,3717406,,,,,,,,,,,,,
IT1:29_348_DF_DCIS_PERMSOGG1_3(1.0),A,IT,RESPER,9,WORLD,ALL,TOTAL,TOTAL,99,2020,3615826,,,,,,,,,,,,,
IT1:29_348_DF_DCIS_PERMSOGG1_3(1.0),A,IT,RESPER,9,WORLD,ALL,TOTAL,TOTAL,99,2021,3373876,,,,,,,,,,,,,
IT1:29_348_DF_DCIS_PERMSOGG1_3(1.0),A,IT,RESPER,9,WORLD,ALL,TOTAL,TOTAL,99,2022,3561540,,,,,,,,,,,,,
IT1:29_348_DF_DCIS_PERMSOGG1_3(1.0),A,IT,RESPER,9,WORLD,ALL,TOTAL,TOTAL,99,2023,3727706,,,,,,,,,,,,,
IT1:29_348_DF_DCIS_PERMSOGG1_3(1.0),A,IT,RESPER,9,WORLD,ALL,TOTAL,TOTAL,99,2024,3607160,,,,,,,,,,,,,
